date,district,market,commodity_slug,variety,grade,min_price,max_price,modal_price,unit,source,fetched_at
2021-07-10,Ernakulam,Keerampara VFPCK Market,coconut,Big,FAQ,3800,3800,3800,Rs/quintal,agmarknet,2026-07-09T00:00:00+00:00
2021-07-10,Malappuram,Manjeri Market,coconut,Other,FAQ,3300,3400,3350,Rs/quintal,agmarknet,2026-07-09T00:00:00+00:00
2021-07-10,Coimbatore,Pollachi APMC,coconut,Other,FAQ,2400,3100,2850,Rs/quintal,agmarknet,2026-07-09T00:00:00+00:00
2021-07-10,Kannur,Taliparamba Market,coconut,Other,FAQ,3000,3200,3100,Rs/quintal,agmarknet,2026-07-09T00:00:00+00:00
2021-07-11,Ernakulam,Keerampara VFPCK Market,coconut,Big,FAQ,3800,3800,3800,Rs/quintal,agmarknet,2026-07-09T00:00:00+00:00
2021-07-11,Malappuram,Manjeri Market,coconut,Other,FAQ,3300,3400,3350,Rs/quintal,agmarknet,2026-07-09T00:00:00+00:00
2021-07-11,Coimbatore,Pollachi APMC,coconut,Other,FAQ,2400,3100,2850,Rs/quintal,agmarknet,2026-07-09T00:00:00+00:00
2021-07-12,Ernakulam,Keerampara VFPCK Market,coconut,Big,FAQ,3800,3800,3800,Rs/quintal,agmarknet,2026-07-09T00:00:00+00:00
2021-07-12,Ernakulam,Koovapadi VFPCK Market,coconut,Big,FAQ,3825,4000,3850,Rs/quintal,agmarknet,2026-07-09T00:00:00+00:00
2021-07-12,Malappuram,Manjeri Market,coconut,Other,FAQ,3300,3400,3350,Rs/quintal,agmarknet,2026-07-09T00:00:00+00:00
2021-07-12,Kasargod,Neeleswaram Market,coconut,Other,FAQ,3000,3200,3100,Rs/quintal,agmarknet,2026-07-09T00:00:00+00:00
2021-07-12,Coimbatore,Pollachi APMC,coconut,Other,FAQ,2400,3100,2850,Rs/quintal,agmarknet,2026-07-09T00:00:00+00:00
2021-07-12,Kannur,Taliparamba Market,coconut,Other,FAQ,3000,3200,3100,Rs/quintal,agmarknet,2026-07-09T00:00:00+00:00
2021-07-13,Ernakulam,Keerampara VFPCK Market,coconut,Big,FAQ,3800,3800,3800,Rs/quintal,agmarknet,2026-07-09T00:00:00+00:00
2021-07-13,Ernakulam,Koovapadi VFPCK Market,coconut,Big,FAQ,3925,4000,3950,Rs/quintal,agmarknet,2026-07-09T00:00:00+00:00
2021-07-13,Malappuram,Manjeri Market,coconut,Other,FAQ,3300,3400,3350,Rs/quintal,agmarknet,2026-07-09T00:00:00+00:00
2021-07-13,Kasargod,Neeleswaram Market,coconut,Other,FAQ,3000,3300,3200,Rs/quintal,agmarknet,2026-07-09T00:00:00+00:00
2021-07-13,Coimbatore,Pollachi APMC,coconut,Other,FAQ,2400,3100,2850,Rs/quintal,agmarknet,2026-07-09T00:00:00+00:00
2021-07-14,Ernakulam,Keerampara VFPCK Market,coconut,Big,FAQ,3800,3800,3800,Rs/quintal,agmarknet,2026-07-09T00:00:00+00:00
2021-07-14,Ernakulam,Koovapadi VFPCK Market,coconut,Big,FAQ,3850,4000,3950,Rs/quintal,agmarknet,2026-07-09T00:00:00+00:00
2021-07-14,Malappuram,Manjeri Market,coconut,Other,FAQ,3300,3400,3350,Rs/quintal,agmarknet,2026-07-09T00:00:00+00:00
2021-07-14,Kasargod,Neeleswaram Market,coconut,Other,FAQ,3000,3400,3200,Rs/quintal,agmarknet,2026-07-09T00:00:00+00:00
2021-07-14,Coimbatore,Pollachi APMC,coconut,Other,FAQ,1300,2300,1800,Rs/quintal,agmarknet,2026-07-09T00:00:00+00:00
2021-07-15,Uttara Kannada,Kumta APMC,coconut,Grade-I,FAQ,16660,21860,21230,Rs/quintal,agmarknet,2026-07-09T00:00:00+00:00
2021-07-15,Kasargod,Neeleswaram Market,coconut,Other,FAQ,3000,3400,3200,Rs/quintal,agmarknet,2026-07-09T00:00:00+00:00
2021-07-15,Coimbatore,Pollachi APMC,coconut,Other,FAQ,1300,2300,1800,Rs/quintal,agmarknet,2026-07-09T00:00:00+00:00
2021-07-15,Kannur,Taliparamba Market,coconut,Other,FAQ,3000,3200,3100,Rs/quintal,agmarknet,2026-07-09T00:00:00+00:00
2021-07-16,Malappuram,Manjeri Market,coconut,Other,FAQ,3300,3400,3350,Rs/quintal,agmarknet,2026-07-09T00:00:00+00:00
2021-07-16,Coimbatore,Pollachi APMC,coconut,Other,FAQ,1800,2700,2300,Rs/quintal,agmarknet,2026-07-09T00:00:00+00:00
2021-07-16,Kannur,Taliparamba Market,coconut,Other,FAQ,2500,3000,2500,Rs/quintal,agmarknet,2026-07-09T00:00:00+00:00
2021-07-17,Coimbatore,Pollachi APMC,coconut,Other,FAQ,1800,2700,2300,Rs/quintal,agmarknet,2026-07-09T00:00:00+00:00
2021-07-17,Kannur,Taliparamba Market,coconut,Other,FAQ,2500,3200,3000,Rs/quintal,agmarknet,2026-07-09T00:00:00+00:00
2021-07-18,Coimbatore,Pollachi APMC,coconut,Other,FAQ,1800,2700,2300,Rs/quintal,agmarknet,2026-07-09T00:00:00+00:00
2021-07-19,Ernakulam,Keerampara VFPCK Market,coconut,Big,FAQ,3800,3800,3800,Rs/quintal,agmarknet,2026-07-09T00:00:00+00:00
2021-07-19,Malappuram,Manjeri Market,coconut,Other,FAQ,3300,3400,3350,Rs/quintal,agmarknet,2026-07-09T00:00:00+00:00
2021-07-19,Kasargod,Neeleswaram Market,coconut,Other,FAQ,3100,3300,3200,Rs/quintal,agmarknet,2026-07-09T00:00:00+00:00
2021-07-19,Coimbatore,Pollachi APMC,coconut,Other,FAQ,1800,2700,2300,Rs/quintal,agmarknet,2026-07-09T00:00:00+00:00
2021-07-19,Kannur,Taliparamba Market,coconut,Other,FAQ,2500,3000,2500,Rs/quintal,agmarknet,2026-07-09T00:00:00+00:00
2021-07-20,Ernakulam,Keerampara VFPCK Market,coconut,Coconut,FAQ,3800,3800,3800,Rs/quintal,agmarknet,2026-07-09T00:00:00+00:00
2021-07-20,Malappuram,Manjeri Market,coconut,Other,FAQ,3300,3400,3350,Rs/quintal,agmarknet,2026-07-09T00:00:00+00:00
2021-07-20,Kasargod,Neeleswaram Market,coconut,Other,FAQ,3200,3600,3400,Rs/quintal,agmarknet,2026-07-09T00:00:00+00:00
2021-07-20,Coimbatore,Pollachi APMC,coconut,Other,FAQ,1800,2700,2300,Rs/quintal,agmarknet,2026-07-09T00:00:00+00:00
2021-07-20,Kannur,Taliparamba Market,coconut,Other,FAQ,2500,3100,3000,Rs/quintal,agmarknet,2026-07-09T00:00:00+00:00
2021-07-21,Ernakulam,Keerampara VFPCK Market,coconut,Big,FAQ,3800,3800,3800,Rs/quintal,agmarknet,2026-07-09T00:00:00+00:00
2021-07-21,Malappuram,Manjeri Market,coconut,Other,FAQ,3300,3400,3350,Rs/quintal,agmarknet,2026-07-09T00:00:00+00:00
2021-07-21,Coimbatore,Pollachi APMC,coconut,Other,FAQ,1800,2700,2300,Rs/quintal,agmarknet,2026-07-09T00:00:00+00:00
2021-07-21,Kannur,Taliparamba Market,coconut,Other,FAQ,2500,3100,3000,Rs/quintal,agmarknet,2026-07-09T00:00:00+00:00
2021-07-22,Ernakulam,Keerampara VFPCK Market,coconut,Big,FAQ,3800,3800,3800,Rs/quintal,agmarknet,2026-07-09T00:00:00+00:00
2021-07-22,Uttara Kannada,Kumta APMC,coconut,Grade-I,FAQ,22273,22273,22273,Rs/quintal,agmarknet,2026-07-09T00:00:00+00:00
2021-07-22,Malappuram,Manjeri Market,coconut,Other,FAQ,3300,3400,3350,Rs/quintal,agmarknet,2026-07-09T00:00:00+00:00
2021-07-22,Kasargod,Neeleswaram Market,coconut,Other,FAQ,3200,3600,3400,Rs/quintal,agmarknet,2026-07-09T00:00:00+00:00
2021-07-22,Coimbatore,Pollachi APMC,coconut,Other,FAQ,1800,2700,2300,Rs/quintal,agmarknet,2026-07-09T00:00:00+00:00
2021-07-22,Kannur,Taliparamba Market,coconut,Other,FAQ,2500,3000,2500,Rs/quintal,agmarknet,2026-07-09T00:00:00+00:00
2021-07-23,Ernakulam,Keerampara VFPCK Market,coconut,Big,FAQ,3800,3800,3800,Rs/quintal,agmarknet,2026-07-09T00:00:00+00:00
2021-07-23,Malappuram,Manjeri Market,coconut,Other,FAQ,3300,3400,3350,Rs/quintal,agmarknet,2026-07-09T00:00:00+00:00
2021-07-23,Kasargod,Neeleswaram Market,coconut,Other,FAQ,3000,3400,3200,Rs/quintal,agmarknet,2026-07-09T00:00:00+00:00
2021-07-23,Coimbatore,Pollachi APMC,coconut,Other,FAQ,1800,2700,2300,Rs/quintal,agmarknet,2026-07-09T00:00:00+00:00
2021-07-23,Kannur,Taliparamba Market,coconut,Other,FAQ,2500,3100,3000,Rs/quintal,agmarknet,2026-07-09T00:00:00+00:00
2021-07-24,Ernakulam,Keerampara VFPCK Market,coconut,Big,FAQ,3700,3700,3700,Rs/quintal,agmarknet,2026-07-09T00:00:00+00:00
2021-07-24,Malappuram,Manjeri Market,coconut,Other,FAQ,3300,3400,3350,Rs/quintal,agmarknet,2026-07-09T00:00:00+00:00
2021-07-24,Kasargod,Neeleswaram Market,coconut,Other,FAQ,3100,3300,3200,Rs/quintal,agmarknet,2026-07-09T00:00:00+00:00
2021-07-24,Coimbatore,Pollachi APMC,coconut,Other,FAQ,1800,2700,2300,Rs/quintal,agmarknet,2026-07-09T00:00:00+00:00
2021-07-24,Kannur,Taliparamba Market,coconut,Other,FAQ,2500,3000,2500,Rs/quintal,agmarknet,2026-07-09T00:00:00+00:00
2021-07-25,Ernakulam,Keerampara VFPCK Market,coconut,Big,FAQ,3800,3800,3800,Rs/quintal,agmarknet,2026-07-09T00:00:00+00:00
2021-07-25,Coimbatore,Pollachi APMC,coconut,Other,FAQ,1800,2700,2300,Rs/quintal,agmarknet,2026-07-09T00:00:00+00:00
2021-07-26,Ernakulam,Keerampara VFPCK Market,coconut,Big,FAQ,3800,3800,3800,Rs/quintal,agmarknet,2026-07-09T00:00:00+00:00
2021-07-26,Malappuram,Manjeri Market,coconut,Other,FAQ,3300,3400,3350,Rs/quintal,agmarknet,2026-07-09T00:00:00+00:00
2021-07-26,Kasargod,Neeleswaram Market,coconut,Other,FAQ,3200,3400,3300,Rs/quintal,agmarknet,2026-07-09T00:00:00+00:00
2021-07-26,Coimbatore,Pollachi APMC,coconut,Other,FAQ,1800,2700,2300,Rs/quintal,agmarknet,2026-07-09T00:00:00+00:00
2021-07-26,Kannur,Taliparamba Market,coconut,Other,FAQ,2500,3200,3000,Rs/quintal,agmarknet,2026-07-09T00:00:00+00:00
2021-07-27,Ernakulam,Keerampara VFPCK Market,coconut,Big,FAQ,4000,4000,4000,Rs/quintal,agmarknet,2026-07-09T00:00:00+00:00
2021-07-27,Malappuram,Manjeri Market,coconut,Other,FAQ,3300,3400,3350,Rs/quintal,agmarknet,2026-07-09T00:00:00+00:00
2021-07-27,Kasargod,Neeleswaram Market,coconut,Other,FAQ,3100,3300,3200,Rs/quintal,agmarknet,2026-07-09T00:00:00+00:00
2021-07-27,Coimbatore,Pollachi APMC,coconut,Other,FAQ,1800,2700,2300,Rs/quintal,agmarknet,2026-07-09T00:00:00+00:00
2021-07-27,Kannur,Taliparamba Market,coconut,Other,FAQ,2500,3200,3000,Rs/quintal,agmarknet,2026-07-09T00:00:00+00:00
2021-07-28,Ernakulam,Keerampara VFPCK Market,coconut,Big,FAQ,4000,4000,4000,Rs/quintal,agmarknet,2026-07-09T00:00:00+00:00
2021-07-28,Malappuram,Manjeri Market,coconut,Other,FAQ,3300,3400,3350,Rs/quintal,agmarknet,2026-07-09T00:00:00+00:00
2021-07-28,Kasargod,Neeleswaram Market,coconut,Other,FAQ,3100,3300,3200,Rs/quintal,agmarknet,2026-07-09T00:00:00+00:00
2021-07-28,Coimbatore,Pollachi APMC,coconut,Other,FAQ,1800,2700,2300,Rs/quintal,agmarknet,2026-07-09T00:00:00+00:00
2021-07-28,Kannur,Taliparamba Market,coconut,Other,FAQ,2500,3200,3000,Rs/quintal,agmarknet,2026-07-09T00:00:00+00:00
2021-07-29,Ernakulam,Keerampara VFPCK Market,coconut,Big,FAQ,4000,4000,4000,Rs/quintal,agmarknet,2026-07-09T00:00:00+00:00
2021-07-29,Uttara Kannada,Kumta APMC,coconut,Grade-I,FAQ,13330,23730,22800,Rs/quintal,agmarknet,2026-07-09T00:00:00+00:00
2021-07-29,Malappuram,Manjeri Market,coconut,Other,FAQ,3100,3200,3150,Rs/quintal,agmarknet,2026-07-09T00:00:00+00:00
2021-07-29,Kasargod,Neeleswaram Market,coconut,Other,FAQ,3100,3300,3200,Rs/quintal,agmarknet,2026-07-09T00:00:00+00:00
2021-07-29,Coimbatore,Pollachi APMC,coconut,Other,FAQ,1800,2700,2300,Rs/quintal,agmarknet,2026-07-09T00:00:00+00:00
2021-07-29,Kannur,Taliparamba Market,coconut,Other,FAQ,2500,3200,3000,Rs/quintal,agmarknet,2026-07-09T00:00:00+00:00
2021-07-30,Ernakulam,Keerampara VFPCK Market,coconut,Big,FAQ,4000,4000,4000,Rs/quintal,agmarknet,2026-07-09T00:00:00+00:00
2021-07-30,Malappuram,Manjeri Market,coconut,Other,FAQ,3100,3200,3150,Rs/quintal,agmarknet,2026-07-09T00:00:00+00:00
2021-07-30,Kasargod,Neeleswaram Market,coconut,Other,FAQ,3200,3400,3300,Rs/quintal,agmarknet,2026-07-09T00:00:00+00:00
2021-07-30,Coimbatore,Pollachi APMC,coconut,Other,FAQ,1600,2900,2500,Rs/quintal,agmarknet,2026-07-09T00:00:00+00:00
2021-07-30,Kannur,Taliparamba Market,coconut,Other,FAQ,2500,3300,3000,Rs/quintal,agmarknet,2026-07-09T00:00:00+00:00
2021-07-31,Ernakulam,Keerampara VFPCK Market,coconut,Big,FAQ,4000,4000,4000,Rs/quintal,agmarknet,2026-07-09T00:00:00+00:00
2021-07-31,Malappuram,Manjeri Market,coconut,Other,FAQ,3100,3200,3150,Rs/quintal,agmarknet,2026-07-09T00:00:00+00:00
2021-07-31,Coimbatore,Pollachi APMC,coconut,Other,FAQ,1600,2900,2500,Rs/quintal,agmarknet,2026-07-09T00:00:00+00:00
2021-07-31,Kannur,Taliparamba Market,coconut,Other,FAQ,2500,3200,3000,Rs/quintal,agmarknet,2026-07-09T00:00:00+00:00
2021-08-01,Ernakulam,Keerampara VFPCK Market,coconut,Big,FAQ,4000,4000,4000,Rs/quintal,agmarknet,2026-07-09T00:00:00+00:00
2021-08-02,Kasargod,Neeleswaram Market,coconut,Other,FAQ,3100,3400,3200,Rs/quintal,agmarknet,2026-07-09T00:00:00+00:00
2021-08-03,Kasargod,Neeleswaram Market,coconut,Other,FAQ,3100,3300,3200,Rs/quintal,agmarknet,2026-07-09T00:00:00+00:00
2021-08-03,Coimbatore,Pollachi APMC,coconut,Other,FAQ,1600,2900,2500,Rs/quintal,agmarknet,2026-07-09T00:00:00+00:00
2021-08-04,Malappuram,Manjeri Market,coconut,Other,FAQ,3500,3600,3550,Rs/quintal,agmarknet,2026-07-09T00:00:00+00:00
2021-08-04,Coimbatore,Pollachi APMC,coconut,Other,FAQ,1600,2900,2500,Rs/quintal,agmarknet,2026-07-09T00:00:00+00:00
2021-08-04,Kannur,Taliparamba Market,coconut,Other,FAQ,2500,3300,3000,Rs/quintal,agmarknet,2026-07-09T00:00:00+00:00
2021-08-05,Malappuram,Manjeri Market,coconut,Other,FAQ,3500,3600,3550,Rs/quintal,agmarknet,2026-07-09T00:00:00+00:00
2021-08-05,Coimbatore,Pollachi APMC,coconut,Other,FAQ,1600,2900,2500,Rs/quintal,agmarknet,2026-07-09T00:00:00+00:00
2021-08-05,Kannur,Taliparamba Market,coconut,Other,FAQ,2500,3200,3000,Rs/quintal,agmarknet,2026-07-09T00:00:00+00:00
2021-08-06,Ernakulam,Keerampara VFPCK Market,coconut,Big,FAQ,3900,3900,3900,Rs/quintal,agmarknet,2026-07-09T00:00:00+00:00
2021-08-06,Malappuram,Manjeri Market,coconut,Other,FAQ,3500,3600,3550,Rs/quintal,agmarknet,2026-07-09T00:00:00+00:00
2021-08-06,Kasargod,Neeleswaram Market,coconut,Other,FAQ,3000,3400,3200,Rs/quintal,agmarknet,2026-07-09T00:00:00+00:00
2021-08-06,Coimbatore,Pollachi APMC,coconut,Other,FAQ,1600,2900,2500,Rs/quintal,agmarknet,2026-07-09T00:00:00+00:00
2021-08-06,Kannur,Taliparamba Market,coconut,Other,FAQ,2500,3000,2500,Rs/quintal,agmarknet,2026-07-09T00:00:00+00:00
2021-08-07,Malappuram,Manjeri Market,coconut,Other,FAQ,3500,3600,3550,Rs/quintal,agmarknet,2026-07-09T00:00:00+00:00
2021-08-07,Kasargod,Neeleswaram Market,coconut,Other,FAQ,3100,3300,3200,Rs/quintal,agmarknet,2026-07-09T00:00:00+00:00
2021-08-07,Coimbatore,Pollachi APMC,coconut,Other,FAQ,1600,2900,2500,Rs/quintal,agmarknet,2026-07-09T00:00:00+00:00
2021-08-09,Malappuram,Manjeri Market,coconut,Other,FAQ,3500,3600,3550,Rs/quintal,agmarknet,2026-07-09T00:00:00+00:00
2021-08-09,Kasargod,Neeleswaram Market,coconut,Other,FAQ,3000,3400,3200,Rs/quintal,agmarknet,2026-07-09T00:00:00+00:00
2021-08-09,Coimbatore,Pollachi APMC,coconut,Other,FAQ,1600,2900,2500,Rs/quintal,agmarknet,2026-07-09T00:00:00+00:00
2021-08-09,Kannur,Taliparamba Market,coconut,Other,FAQ,2500,3300,3000,Rs/quintal,agmarknet,2026-07-09T00:00:00+00:00
2021-08-10,Malappuram,Manjeri Market,coconut,Other,FAQ,3100,3200,3150,Rs/quintal,agmarknet,2026-07-09T00:00:00+00:00
2021-08-10,Kasargod,Neeleswaram Market,coconut,Other,FAQ,3100,3300,3200,Rs/quintal,agmarknet,2026-07-09T00:00:00+00:00
2021-08-10,Coimbatore,Pollachi APMC,coconut,Other,FAQ,1600,2900,2500,Rs/quintal,agmarknet,2026-07-09T00:00:00+00:00
2021-08-10,Kannur,Taliparamba Market,coconut,Other,FAQ,2500,3300,3000,Rs/quintal,agmarknet,2026-07-09T00:00:00+00:00
2021-08-11,Malappuram,Manjeri Market,coconut,Other,FAQ,3100,3200,3150,Rs/quintal,agmarknet,2026-07-09T00:00:00+00:00
2021-08-11,Kasargod,Neeleswaram Market,coconut,Other,FAQ,3100,3300,3200,Rs/quintal,agmarknet,2026-07-09T00:00:00+00:00
2021-08-11,Coimbatore,Pollachi APMC,coconut,Other,FAQ,1600,2900,2500,Rs/quintal,agmarknet,2026-07-09T00:00:00+00:00
2021-08-11,Kannur,Taliparamba Market,coconut,Other,FAQ,2500,3200,3000,Rs/quintal,agmarknet,2026-07-09T00:00:00+00:00
2021-08-12,Uttara Kannada,Kumta APMC,coconut,Grade-I,FAQ,19440,22773,22330,Rs/quintal,agmarknet,2026-07-09T00:00:00+00:00
2021-08-12,Malappuram,Manjeri Market,coconut,Other,FAQ,3100,3200,3150,Rs/quintal,agmarknet,2026-07-09T00:00:00+00:00
2021-08-12,Kasargod,Neeleswaram Market,coconut,Other,FAQ,3000,3400,3200,Rs/quintal,agmarknet,2026-07-09T00:00:00+00:00
2021-08-12,Coimbatore,Pollachi APMC,coconut,Other,FAQ,1600,2850,2350,Rs/quintal,agmarknet,2026-07-09T00:00:00+00:00
2021-08-13,Ernakulam,Keerampara VFPCK Market,coconut,Big,FAQ,3800,3800,3800,Rs/quintal,agmarknet,2026-07-09T00:00:00+00:00
2021-08-13,Ernakulam,Koovapadi VFPCK Market,coconut,Big,FAQ,3925,4000,3950,Rs/quintal,agmarknet,2026-07-09T00:00:00+00:00
2021-08-13,Malappuram,Manjeri Market,coconut,Other,FAQ,3100,3200,3150,Rs/quintal,agmarknet,2026-07-09T00:00:00+00:00
2021-08-13,Kasargod,Neeleswaram Market,coconut,Other,FAQ,3000,3400,3200,Rs/quintal,agmarknet,2026-07-09T00:00:00+00:00
2021-08-13,Coimbatore,Pollachi APMC,coconut,Other,FAQ,1600,2850,2350,Rs/quintal,agmarknet,2026-07-09T00:00:00+00:00
2021-08-13,Kannur,Taliparamba Market,coconut,Other,FAQ,2500,3100,3000,Rs/quintal,agmarknet,2026-07-09T00:00:00+00:00
2021-08-14,Malappuram,Manjeri Market,coconut,Other,FAQ,3100,3200,3150,Rs/quintal,agmarknet,2026-07-09T00:00:00+00:00
2021-08-14,Kannur,Taliparamba Market,coconut,Other,FAQ,2500,3200,3000,Rs/quintal,agmarknet,2026-07-09T00:00:00+00:00
2021-08-16,Malappuram,Manjeri Market,coconut,Other,FAQ,3100,3200,3150,Rs/quintal,agmarknet,2026-07-09T00:00:00+00:00
2021-08-16,Kasargod,Neeleswaram Market,coconut,Other,FAQ,3100,3300,3200,Rs/quintal,agmarknet,2026-07-09T00:00:00+00:00
2021-08-16,Coimbatore,Pollachi APMC,coconut,Other,FAQ,1600,2850,2350,Rs/quintal,agmarknet,2026-07-09T00:00:00+00:00
2021-08-16,Kannur,Taliparamba Market,coconut,Other,FAQ,2500,3200,3000,Rs/quintal,agmarknet,2026-07-09T00:00:00+00:00
2021-08-17,Malappuram,Manjeri Market,coconut,Other,FAQ,3100,3200,3150,Rs/quintal,agmarknet,2026-07-09T00:00:00+00:00
2021-08-17,Kasargod,Neeleswaram Market,coconut,Other,FAQ,3100,3300,3200,Rs/quintal,agmarknet,2026-07-09T00:00:00+00:00
2021-08-17,Coimbatore,Pollachi APMC,coconut,Other,FAQ,1600,2850,2350,Rs/quintal,agmarknet,2026-07-09T00:00:00+00:00
2021-08-17,Kannur,Taliparamba Market,coconut,Other,FAQ,2500,3300,3000,Rs/quintal,agmarknet,2026-07-09T00:00:00+00:00
2021-08-18,Malappuram,Manjeri Market,coconut,Other,FAQ,3100,3200,3150,Rs/quintal,agmarknet,2026-07-09T00:00:00+00:00
2021-08-18,Kasargod,Neeleswaram Market,coconut,Other,FAQ,3100,3300,3200,Rs/quintal,agmarknet,2026-07-09T00:00:00+00:00
2021-08-18,Coimbatore,Pollachi APMC,coconut,Other,FAQ,1600,2850,2350,Rs/quintal,agmarknet,2026-07-09T00:00:00+00:00
2021-08-18,Kannur,Taliparamba Market,coconut,Other,FAQ,2500,3300,3000,Rs/quintal,agmarknet,2026-07-09T00:00:00+00:00
2021-08-19,Uttara Kannada,Kumta APMC,coconut,Grade-I,FAQ,21530,22106,21900,Rs/quintal,agmarknet,2026-07-09T00:00:00+00:00
2021-08-19,Malappuram,Manjeri Market,coconut,Other,FAQ,3100,3200,3150,Rs/quintal,agmarknet,2026-07-09T00:00:00+00:00
2021-08-19,Kasargod,Neeleswaram Market,coconut,Other,FAQ,3100,3400,3200,Rs/quintal,agmarknet,2026-07-09T00:00:00+00:00
2021-08-19,Coimbatore,Pollachi APMC,coconut,Other,FAQ,1600,2850,2350,Rs/quintal,agmarknet,2026-07-09T00:00:00+00:00
2021-08-19,Kannur,Taliparamba Market,coconut,Other,FAQ,2500,3300,3000,Rs/quintal,agmarknet,2026-07-09T00:00:00+00:00
2021-08-20,Malappuram,Manjeri Market,coconut,Other,FAQ,3100,3200,3150,Rs/quintal,agmarknet,2026-07-09T00:00:00+00:00
2021-08-20,Kasargod,Neeleswaram Market,coconut,Other,FAQ,3200,3400,3300,Rs/quintal,agmarknet,2026-07-09T00:00:00+00:00
2021-08-20,Coimbatore,Pollachi APMC,coconut,Other,FAQ,1600,2850,2350,Rs/quintal,agmarknet,2026-07-09T00:00:00+00:00
2021-08-20,Kannur,Taliparamba Market,coconut,Other,FAQ,2500,3200,3000,Rs/quintal,agmarknet,2026-07-09T00:00:00+00:00
2021-08-21,Coimbatore,Pollachi APMC,coconut,Other,FAQ,1600,2850,2350,Rs/quintal,agmarknet,2026-07-09T00:00:00+00:00
2021-08-21,Kannur,Taliparamba Market,coconut,Other,FAQ,2500,3200,3000,Rs/quintal,agmarknet,2026-07-09T00:00:00+00:00
2021-08-23,Malappuram,Manjeri Market,coconut,Other,FAQ,3100,3200,3150,Rs/quintal,agmarknet,2026-07-09T00:00:00+00:00
2021-08-23,Coimbatore,Pollachi APMC,coconut,Other,FAQ,1600,2850,2350,Rs/quintal,agmarknet,2026-07-09T00:00:00+00:00
2021-08-24,Kasargod,Neeleswaram Market,coconut,Other,FAQ,3100,3300,3200,Rs/quintal,agmarknet,2026-07-09T00:00:00+00:00
2021-08-24,Coimbatore,Pollachi APMC,coconut,Other,FAQ,1600,2850,2350,Rs/quintal,agmarknet,2026-07-09T00:00:00+00:00
2021-08-25,Malappuram,Manjeri Market,coconut,Other,FAQ,3100,3200,3150,Rs/quintal,agmarknet,2026-07-09T00:00:00+00:00
2021-08-25,Kasargod,Neeleswaram Market,coconut,Other,FAQ,3100,3300,3200,Rs/quintal,agmarknet,2026-07-09T00:00:00+00:00
2021-08-25,Coimbatore,Pollachi APMC,coconut,Other,FAQ,1600,2850,2350,Rs/quintal,agmarknet,2026-07-09T00:00:00+00:00
2021-08-26,Uttara Kannada,Kumta APMC,coconut,Grade-I,FAQ,12000,22660,19160,Rs/quintal,agmarknet,2026-07-09T00:00:00+00:00
2021-08-26,Malappuram,Manjeri Market,coconut,Other,FAQ,3100,3200,3150,Rs/quintal,agmarknet,2026-07-09T00:00:00+00:00
2021-08-26,Kasargod,Neeleswaram Market,coconut,Other,FAQ,3100,3300,3200,Rs/quintal,agmarknet,2026-07-09T00:00:00+00:00
2021-08-26,Coimbatore,Pollachi APMC,coconut,Other,FAQ,1600,2850,2350,Rs/quintal,agmarknet,2026-07-09T00:00:00+00:00
2021-08-27,Malappuram,Manjeri Market,coconut,Other,FAQ,3100,3200,3150,Rs/quintal,agmarknet,2026-07-09T00:00:00+00:00
2021-08-27,Kasargod,Neeleswaram Market,coconut,Other,FAQ,3100,3300,3200,Rs/quintal,agmarknet,2026-07-09T00:00:00+00:00
2021-08-27,Coimbatore,Pollachi APMC,coconut,Other,FAQ,1600,2850,2350,Rs/quintal,agmarknet,2026-07-09T00:00:00+00:00
2021-08-28,Malappuram,Manjeri Market,coconut,Other,FAQ,3100,3200,3150,Rs/quintal,agmarknet,2026-07-09T00:00:00+00:00
2021-08-28,Coimbatore,Pollachi APMC,coconut,Other,FAQ,1600,2850,2350,Rs/quintal,agmarknet,2026-07-09T00:00:00+00:00
2021-08-29,Malappuram,Manjeri Market,coconut,Other,FAQ,3100,3200,3150,Rs/quintal,agmarknet,2026-07-09T00:00:00+00:00
2021-08-29,Coimbatore,Pollachi APMC,coconut,Other,FAQ,1600,2850,2350,Rs/quintal,agmarknet,2026-07-09T00:00:00+00:00
2021-08-30,Malappuram,Manjeri Market,coconut,Other,FAQ,3100,3200,3150,Rs/quintal,agmarknet,2026-07-09T00:00:00+00:00
2021-08-31,Malappuram,Manjeri Market,coconut,Other,FAQ,3100,3200,3150,Rs/quintal,agmarknet,2026-07-09T00:00:00+00:00
2021-08-31,Kasargod,Neeleswaram Market,coconut,Other,FAQ,3100,3300,3200,Rs/quintal,agmarknet,2026-07-09T00:00:00+00:00
2021-08-31,Coimbatore,Pollachi APMC,coconut,Other,FAQ,1600,2850,2350,Rs/quintal,agmarknet,2026-07-09T00:00:00+00:00
2021-09-01,Kasargod,Neeleswaram Market,coconut,Other,FAQ,3100,3300,3200,Rs/quintal,agmarknet,2026-07-09T00:00:00+00:00
2021-09-02,Uttara Kannada,Kumta APMC,coconut,Grade-I,FAQ,12000,22370,21630,Rs/quintal,agmarknet,2026-07-09T00:00:00+00:00
2021-09-02,Malappuram,Manjeri Market,coconut,Other,FAQ,3100,3200,3150,Rs/quintal,agmarknet,2026-07-09T00:00:00+00:00
2021-09-02,Kasargod,Neeleswaram Market,coconut,Other,FAQ,2800,3200,3000,Rs/quintal,agmarknet,2026-07-09T00:00:00+00:00
2021-09-02,Coimbatore,Pollachi APMC,coconut,Other,FAQ,1600,2850,2350,Rs/quintal,agmarknet,2026-07-09T00:00:00+00:00
2021-09-03,Malappuram,Manjeri Market,coconut,Other,FAQ,3100,3200,3150,Rs/quintal,agmarknet,2026-07-09T00:00:00+00:00
2021-09-03,Kasargod,Neeleswaram Market,coconut,Other,FAQ,3000,3200,3100,Rs/quintal,agmarknet,2026-07-09T00:00:00+00:00
2021-09-03,Coimbatore,Pollachi APMC,coconut,Other,FAQ,1600,2850,2350,Rs/quintal,agmarknet,2026-07-09T00:00:00+00:00
2021-09-03,Kannur,Taliparamba Market,coconut,Other,FAQ,2500,3100,3000,Rs/quintal,agmarknet,2026-07-09T00:00:00+00:00
2021-09-04,Malappuram,Manjeri Market,coconut,Other,FAQ,3100,3200,3150,Rs/quintal,agmarknet,2026-07-09T00:00:00+00:00
2021-09-04,Coimbatore,Pollachi APMC,coconut,Other,FAQ,1600,2850,2350,Rs/quintal,agmarknet,2026-07-09T00:00:00+00:00
2021-09-04,Kannur,Taliparamba Market,coconut,Other,FAQ,2000,3000,2500,Rs/quintal,agmarknet,2026-07-09T00:00:00+00:00
2021-09-06,Malappuram,Manjeri Market,coconut,Other,FAQ,3100,3200,3150,Rs/quintal,agmarknet,2026-07-09T00:00:00+00:00
2021-09-06,Kasargod,Neeleswaram Market,coconut,Other,FAQ,3100,3300,3200,Rs/quintal,agmarknet,2026-07-09T00:00:00+00:00
2021-09-06,Coimbatore,Pollachi APMC,coconut,Other,FAQ,1600,2850,2350,Rs/quintal,agmarknet,2026-07-09T00:00:00+00:00
2021-09-06,Kannur,Taliparamba Market,coconut,Other,FAQ,2500,3100,3000,Rs/quintal,agmarknet,2026-07-09T00:00:00+00:00
2021-09-07,Malappuram,Manjeri Market,coconut,Other,FAQ,3100,3200,3150,Rs/quintal,agmarknet,2026-07-09T00:00:00+00:00
2021-09-07,Kasargod,Neeleswaram Market,coconut,Other,FAQ,3100,3300,3200,Rs/quintal,agmarknet,2026-07-09T00:00:00+00:00
2021-09-07,Coimbatore,Pollachi APMC,coconut,Other,FAQ,1600,2850,2350,Rs/quintal,agmarknet,2026-07-09T00:00:00+00:00
2021-09-07,Kannur,Taliparamba Market,coconut,Other,FAQ,2900,3100,3000,Rs/quintal,agmarknet,2026-07-09T00:00:00+00:00
2021-09-08,Malappuram,Manjeri Market,coconut,Other,FAQ,3100,3200,3150,Rs/quintal,agmarknet,2026-07-09T00:00:00+00:00
2021-09-08,Kasargod,Neeleswaram Market,coconut,Other,FAQ,3100,3300,3200,Rs/quintal,agmarknet,2026-07-09T00:00:00+00:00
2021-09-08,Coimbatore,Pollachi APMC,coconut,Other,FAQ,1600,2850,2350,Rs/quintal,agmarknet,2026-07-09T00:00:00+00:00
2021-09-08,Kannur,Taliparamba Market,coconut,Other,FAQ,3000,3100,3050,Rs/quintal,agmarknet,2026-07-09T00:00:00+00:00
2021-09-09,Uttara Kannada,Kumta APMC,coconut,Grade-I,FAQ,9333,21730,19830,Rs/quintal,agmarknet,2026-07-09T00:00:00+00:00
2021-09-09,Malappuram,Manjeri Market,coconut,Other,FAQ,3100,3200,3150,Rs/quintal,agmarknet,2026-07-09T00:00:00+00:00
2021-09-09,Kasargod,Neeleswaram Market,coconut,Other,FAQ,3100,3300,3200,Rs/quintal,agmarknet,2026-07-09T00:00:00+00:00
2021-09-09,Coimbatore,Pollachi APMC,coconut,Other,FAQ,1600,2850,2350,Rs/quintal,agmarknet,2026-07-09T00:00:00+00:00
2021-09-09,Kannur,Taliparamba Market,coconut,Other,FAQ,3100,3100,3100,Rs/quintal,agmarknet,2026-07-09T00:00:00+00:00
2021-09-10,Malappuram,Manjeri Market,coconut,Other,FAQ,3100,3200,3150,Rs/quintal,agmarknet,2026-07-09T00:00:00+00:00
2021-09-10,Kasargod,Neeleswaram Market,coconut,Other,FAQ,2800,3200,3000,Rs/quintal,agmarknet,2026-07-09T00:00:00+00:00
2021-09-10,Coimbatore,Pollachi APMC,coconut,Other,FAQ,1600,2850,2350,Rs/quintal,agmarknet,2026-07-09T00:00:00+00:00
2021-09-10,Kannur,Taliparamba Market,coconut,Other,FAQ,3000,3200,3100,Rs/quintal,agmarknet,2026-07-09T00:00:00+00:00
2021-09-11,Kasargod,Neeleswaram Market,coconut,Other,FAQ,2800,3200,3000,Rs/quintal,agmarknet,2026-07-09T00:00:00+00:00
2021-09-11,Coimbatore,Pollachi APMC,coconut,Other,FAQ,1600,2850,2350,Rs/quintal,agmarknet,2026-07-09T00:00:00+00:00
2021-09-11,Kannur,Taliparamba Market,coconut,Other,FAQ,3100,3100,3100,Rs/quintal,agmarknet,2026-07-09T00:00:00+00:00
2021-09-12,Kasargod,Neeleswaram Market,coconut,Other,FAQ,2800,3200,3000,Rs/quintal,agmarknet,2026-07-09T00:00:00+00:00
2021-09-13,Malappuram,Manjeri Market,coconut,Other,FAQ,3100,3200,3150,Rs/quintal,agmarknet,2026-07-09T00:00:00+00:00
2021-09-13,Kasargod,Neeleswaram Market,coconut,Other,FAQ,2800,3200,3000,Rs/quintal,agmarknet,2026-07-09T00:00:00+00:00
2021-09-13,Coimbatore,Pollachi APMC,coconut,Other,FAQ,1600,2850,2350,Rs/quintal,agmarknet,2026-07-09T00:00:00+00:00
2021-09-13,Kannur,Taliparamba Market,coconut,Other,FAQ,3150,3150,3150,Rs/quintal,agmarknet,2026-07-09T00:00:00+00:00
2021-09-14,Malappuram,Manjeri Market,coconut,Other,FAQ,3100,3200,3150,Rs/quintal,agmarknet,2026-07-09T00:00:00+00:00
2021-09-14,Kasargod,Neeleswaram Market,coconut,Other,FAQ,2800,3200,3000,Rs/quintal,agmarknet,2026-07-09T00:00:00+00:00
2021-09-14,Coimbatore,Pollachi APMC,coconut,Other,FAQ,1600,2850,2350,Rs/quintal,agmarknet,2026-07-09T00:00:00+00:00
2021-09-14,Kannur,Taliparamba Market,coconut,Other,FAQ,3000,3150,3100,Rs/quintal,agmarknet,2026-07-09T00:00:00+00:00
2021-09-15,Malappuram,Manjeri Market,coconut,Other,FAQ,3100,3200,3150,Rs/quintal,agmarknet,2026-07-09T00:00:00+00:00
2021-09-15,Kasargod,Neeleswaram Market,coconut,Other,FAQ,2800,3200,3000,Rs/quintal,agmarknet,2026-07-09T00:00:00+00:00
2021-09-15,Coimbatore,Pollachi APMC,coconut,Other,FAQ,1600,2850,2350,Rs/quintal,agmarknet,2026-07-09T00:00:00+00:00
2021-09-15,Kannur,Taliparamba Market,coconut,Other,FAQ,3000,3000,3000,Rs/quintal,agmarknet,2026-07-09T00:00:00+00:00
2021-09-16,Uttara Kannada,Kumta APMC,coconut,Grade-I,FAQ,13330,22430,21430,Rs/quintal,agmarknet,2026-07-09T00:00:00+00:00
2021-09-16,Malappuram,Manjeri Market,coconut,Other,FAQ,3100,3200,3150,Rs/quintal,agmarknet,2026-07-09T00:00:00+00:00
2021-09-16,Kasargod,Neeleswaram Market,coconut,Other,FAQ,2800,3200,3000,Rs/quintal,agmarknet,2026-07-09T00:00:00+00:00
2021-09-16,Coimbatore,Pollachi APMC,coconut,Other,FAQ,1600,2850,2350,Rs/quintal,agmarknet,2026-07-09T00:00:00+00:00
2021-09-16,Kannur,Taliparamba Market,coconut,Other,FAQ,3000,3000,3000,Rs/quintal,agmarknet,2026-07-09T00:00:00+00:00
2021-09-17,Malappuram,Manjeri Market,coconut,Other,FAQ,3100,3200,3150,Rs/quintal,agmarknet,2026-07-09T00:00:00+00:00
2021-09-17,Kasargod,Neeleswaram Market,coconut,Other,FAQ,2500,3500,3000,Rs/quintal,agmarknet,2026-07-09T00:00:00+00:00
2021-09-17,Coimbatore,Pollachi APMC,coconut,Other,FAQ,1600,2850,2350,Rs/quintal,agmarknet,2026-07-09T00:00:00+00:00
2021-09-17,Kannur,Taliparamba Market,coconut,Other,FAQ,3100,3150,3100,Rs/quintal,agmarknet,2026-07-09T00:00:00+00:00
2021-09-18,Malappuram,Manjeri Market,coconut,Other,FAQ,3100,3200,3150,Rs/quintal,agmarknet,2026-07-09T00:00:00+00:00
2021-09-18,Kasargod,Neeleswaram Market,coconut,Other,FAQ,2800,3200,3000,Rs/quintal,agmarknet,2026-07-09T00:00:00+00:00
2021-09-18,Coimbatore,Pollachi APMC,coconut,Other,FAQ,1600,2850,2350,Rs/quintal,agmarknet,2026-07-09T00:00:00+00:00
2021-09-18,Kannur,Taliparamba Market,coconut,Other,FAQ,3150,3150,3150,Rs/quintal,agmarknet,2026-07-09T00:00:00+00:00
2021-09-19,Kasargod,Neeleswaram Market,coconut,Other,FAQ,2800,3200,3000,Rs/quintal,agmarknet,2026-07-09T00:00:00+00:00
2021-09-20,Malappuram,Manjeri Market,coconut,Other,FAQ,3100,3200,3150,Rs/quintal,agmarknet,2026-07-09T00:00:00+00:00
2021-09-20,Kasargod,Neeleswaram Market,coconut,Other,FAQ,2800,3200,3000,Rs/quintal,agmarknet,2026-07-09T00:00:00+00:00
2021-09-20,Coimbatore,Pollachi APMC,coconut,Other,FAQ,1600,2850,2350,Rs/quintal,agmarknet,2026-07-09T00:00:00+00:00
2021-09-20,Kannur,Taliparamba Market,coconut,Other,FAQ,3200,3200,3200,Rs/quintal,agmarknet,2026-07-09T00:00:00+00:00
2021-09-21,Malappuram,Manjeri Market,coconut,Other,FAQ,3100,3200,3150,Rs/quintal,agmarknet,2026-07-09T00:00:00+00:00
2021-09-21,Kasargod,Neeleswaram Market,coconut,Other,FAQ,2800,3200,3000,Rs/quintal,agmarknet,2026-07-09T00:00:00+00:00
2021-09-21,Coimbatore,Pollachi APMC,coconut,Other,FAQ,1600,2850,2350,Rs/quintal,agmarknet,2026-07-09T00:00:00+00:00
2021-09-21,Kannur,Taliparamba Market,coconut,Other,FAQ,3200,3200,3200,Rs/quintal,agmarknet,2026-07-09T00:00:00+00:00
2021-09-22,Malappuram,Manjeri Market,coconut,Other,FAQ,3100,3200,3150,Rs/quintal,agmarknet,2026-07-09T00:00:00+00:00
2021-09-22,Kasargod,Neeleswaram Market,coconut,Other,FAQ,2800,3200,3000,Rs/quintal,agmarknet,2026-07-09T00:00:00+00:00
2021-09-22,Coimbatore,Pollachi APMC,coconut,Other,FAQ,1600,2850,2350,Rs/quintal,agmarknet,2026-07-09T00:00:00+00:00
2021-09-22,Kannur,Taliparamba Market,coconut,Other,FAQ,3200,3200,3200,Rs/quintal,agmarknet,2026-07-09T00:00:00+00:00
2021-09-23,Uttara Kannada,Kumta APMC,coconut,Grade-I,FAQ,10000,22700,21600,Rs/quintal,agmarknet,2026-07-09T00:00:00+00:00
2021-09-23,Malappuram,Manjeri Market,coconut,Other,FAQ,3100,3200,3150,Rs/quintal,agmarknet,2026-07-09T00:00:00+00:00
2021-09-23,Kasargod,Neeleswaram Market,coconut,Other,FAQ,2800,3200,3000,Rs/quintal,agmarknet,2026-07-09T00:00:00+00:00
2021-09-23,Coimbatore,Pollachi APMC,coconut,Other,FAQ,1600,2350,2350,Rs/quintal,agmarknet,2026-07-09T00:00:00+00:00
2021-09-23,Kannur,Taliparamba Market,coconut,Other,FAQ,3200,3200,3200,Rs/quintal,agmarknet,2026-07-09T00:00:00+00:00
2021-09-24,Malappuram,Manjeri Market,coconut,Other,FAQ,3100,3200,3150,Rs/quintal,agmarknet,2026-07-09T00:00:00+00:00
2021-09-24,Kasargod,Neeleswaram Market,coconut,Other,FAQ,3000,3400,3200,Rs/quintal,agmarknet,2026-07-09T00:00:00+00:00
2021-09-24,Coimbatore,Pollachi APMC,coconut,Other,FAQ,1600,2850,2350,Rs/quintal,agmarknet,2026-07-09T00:00:00+00:00
2021-09-24,Kannur,Taliparamba Market,coconut,Other,FAQ,3200,3200,3200,Rs/quintal,agmarknet,2026-07-09T00:00:00+00:00
2021-09-25,Malappuram,Manjeri Market,coconut,Other,FAQ,3100,3200,3150,Rs/quintal,agmarknet,2026-07-09T00:00:00+00:00
2021-09-25,Kasargod,Neeleswaram Market,coconut,Other,FAQ,2800,3200,3000,Rs/quintal,agmarknet,2026-07-09T00:00:00+00:00
2021-09-25,Coimbatore,Pollachi APMC,coconut,Other,FAQ,1600,2850,2350,Rs/quintal,agmarknet,2026-07-09T00:00:00+00:00
2021-09-25,Kannur,Taliparamba Market,coconut,Other,FAQ,3000,3200,3100,Rs/quintal,agmarknet,2026-07-09T00:00:00+00:00
2021-09-26,Kasargod,Neeleswaram Market,coconut,Other,FAQ,2800,3200,3000,Rs/quintal,agmarknet,2026-07-09T00:00:00+00:00
2021-09-26,Kannur,Taliparamba Market,coconut,Other,FAQ,3200,3200,3200,Rs/quintal,agmarknet,2026-07-09T00:00:00+00:00
2021-09-27,Coimbatore,Pollachi APMC,coconut,Other,FAQ,1600,2850,2350,Rs/quintal,agmarknet,2026-07-09T00:00:00+00:00
2021-09-28,Malappuram,Manjeri Market,coconut,Other,FAQ,3100,3200,3150,Rs/quintal,agmarknet,2026-07-09T00:00:00+00:00
2021-09-28,Kasargod,Neeleswaram Market,coconut,Other,FAQ,2800,3200,3000,Rs/quintal,agmarknet,2026-07-09T00:00:00+00:00
2021-09-28,Coimbatore,Pollachi APMC,coconut,Other,FAQ,1600,2850,2350,Rs/quintal,agmarknet,2026-07-09T00:00:00+00:00
2021-09-28,Kannur,Taliparamba Market,coconut,Other,FAQ,3200,3200,3200,Rs/quintal,agmarknet,2026-07-09T00:00:00+00:00
2021-09-29,Malappuram,Manjeri Market,coconut,Other,FAQ,3100,3200,3150,Rs/quintal,agmarknet,2026-07-09T00:00:00+00:00
2021-09-29,Kasargod,Neeleswaram Market,coconut,Other,FAQ,2800,3200,3000,Rs/quintal,agmarknet,2026-07-09T00:00:00+00:00
2021-09-29,Coimbatore,Pollachi APMC,coconut,Other,FAQ,1600,2850,2350,Rs/quintal,agmarknet,2026-07-09T00:00:00+00:00
2021-09-29,Kannur,Taliparamba Market,coconut,Other,FAQ,3200,3200,3200,Rs/quintal,agmarknet,2026-07-09T00:00:00+00:00
2021-09-30,Uttara Kannada,Kumta APMC,coconut,Grade-I,FAQ,10000,22840,21400,Rs/quintal,agmarknet,2026-07-09T00:00:00+00:00
2021-09-30,Kasargod,Neeleswaram Market,coconut,Other,FAQ,2800,3200,3000,Rs/quintal,agmarknet,2026-07-09T00:00:00+00:00
2021-09-30,Coimbatore,Pollachi APMC,coconut,Other,FAQ,1600,2850,2350,Rs/quintal,agmarknet,2026-07-09T00:00:00+00:00
2021-09-30,Kannur,Taliparamba Market,coconut,Other,FAQ,3200,3200,3200,Rs/quintal,agmarknet,2026-07-09T00:00:00+00:00
2021-10-01,Kasargod,Neeleswaram Market,coconut,Other,FAQ,2800,3400,3000,Rs/quintal,agmarknet,2026-07-09T00:00:00+00:00
2021-10-01,Coimbatore,Pollachi APMC,coconut,Other,FAQ,1600,2850,2350,Rs/quintal,agmarknet,2026-07-09T00:00:00+00:00
2021-10-01,Kannur,Taliparamba Market,coconut,Other,FAQ,3000,3200,3100,Rs/quintal,agmarknet,2026-07-09T00:00:00+00:00
2021-10-02,Malappuram,Manjeri Market,coconut,Other,FAQ,3100,3200,3150,Rs/quintal,agmarknet,2026-07-09T00:00:00+00:00
2021-10-02,Kasargod,Neeleswaram Market,coconut,Other,FAQ,3000,3200,3100,Rs/quintal,agmarknet,2026-07-09T00:00:00+00:00
2021-10-02,Coimbatore,Pollachi APMC,coconut,Other,FAQ,1600,2850,2350,Rs/quintal,agmarknet,2026-07-09T00:00:00+00:00
2021-10-02,Kannur,Taliparamba Market,coconut,Other,FAQ,3200,3200,3200,Rs/quintal,agmarknet,2026-07-09T00:00:00+00:00
2021-10-03,Ernakulam,Keerampara VFPCK Market,coconut,Big,FAQ,3800,3800,3800,Rs/quintal,agmarknet,2026-07-09T00:00:00+00:00
2021-10-03,Kasargod,Neeleswaram Market,coconut,Other,FAQ,3000,3200,3100,Rs/quintal,agmarknet,2026-07-09T00:00:00+00:00
2021-10-04,Ernakulam,Keerampara VFPCK Market,coconut,Big,FAQ,3800,3800,3800,Rs/quintal,agmarknet,2026-07-09T00:00:00+00:00
2021-10-04,Malappuram,Manjeri Market,coconut,Other,FAQ,3100,3200,3150,Rs/quintal,agmarknet,2026-07-09T00:00:00+00:00
2021-10-04,Kasargod,Neeleswaram Market,coconut,Other,FAQ,3000,3200,3100,Rs/quintal,agmarknet,2026-07-09T00:00:00+00:00
2021-10-04,Coimbatore,Pollachi APMC,coconut,Other,FAQ,1600,2850,2350,Rs/quintal,agmarknet,2026-07-09T00:00:00+00:00
2021-10-04,Kannur,Taliparamba Market,coconut,Other,FAQ,3200,3200,3200,Rs/quintal,agmarknet,2026-07-09T00:00:00+00:00
2021-10-05,Ernakulam,Keerampara VFPCK Market,coconut,Big,FAQ,3700,3700,3700,Rs/quintal,agmarknet,2026-07-09T00:00:00+00:00
2021-10-05,Malappuram,Manjeri Market,coconut,Other,FAQ,3100,3200,3150,Rs/quintal,agmarknet,2026-07-09T00:00:00+00:00
2021-10-05,Kasargod,Neeleswaram Market,coconut,Other,FAQ,3000,3200,3100,Rs/quintal,agmarknet,2026-07-09T00:00:00+00:00
2021-10-05,Coimbatore,Pollachi APMC,coconut,Other,FAQ,1600,2850,2350,Rs/quintal,agmarknet,2026-07-09T00:00:00+00:00
2021-10-05,Kannur,Taliparamba Market,coconut,Other,FAQ,3200,3200,3200,Rs/quintal,agmarknet,2026-07-09T00:00:00+00:00
2021-10-06,Ernakulam,Keerampara VFPCK Market,coconut,Coconut,FAQ,3700,3700,3700,Rs/quintal,agmarknet,2026-07-09T00:00:00+00:00
2021-10-06,Malappuram,Manjeri Market,coconut,Other,FAQ,3100,3200,3150,Rs/quintal,agmarknet,2026-07-09T00:00:00+00:00
2021-10-06,Kasargod,Neeleswaram Market,coconut,Other,FAQ,3100,3300,3200,Rs/quintal,agmarknet,2026-07-09T00:00:00+00:00
2021-10-06,Coimbatore,Pollachi APMC,coconut,Other,FAQ,1600,2850,2350,Rs/quintal,agmarknet,2026-07-09T00:00:00+00:00
2021-10-06,Kannur,Taliparamba Market,coconut,Other,FAQ,3200,3200,3200,Rs/quintal,agmarknet,2026-07-09T00:00:00+00:00
2021-10-07,Uttara Kannada,Kumta APMC,coconut,Grade-I,FAQ,14660,22865,21660,Rs/quintal,agmarknet,2026-07-09T00:00:00+00:00
2021-10-07,Malappuram,Manjeri Market,coconut,Other,FAQ,3100,3200,3150,Rs/quintal,agmarknet,2026-07-09T00:00:00+00:00
2021-10-07,Kasargod,Neeleswaram Market,coconut,Other,FAQ,3000,3200,3100,Rs/quintal,agmarknet,2026-07-09T00:00:00+00:00
2021-10-07,Coimbatore,Pollachi APMC,coconut,Other,FAQ,1600,2850,2350,Rs/quintal,agmarknet,2026-07-09T00:00:00+00:00
2021-10-07,Kannur,Taliparamba Market,coconut,Other,FAQ,3100,3100,3100,Rs/quintal,agmarknet,2026-07-09T00:00:00+00:00
2021-10-08,Malappuram,Manjeri Market,coconut,Other,FAQ,3100,3200,3150,Rs/quintal,agmarknet,2026-07-09T00:00:00+00:00
2021-10-08,Kasargod,Neeleswaram Market,coconut,Other,FAQ,3000,3200,3100,Rs/quintal,agmarknet,2026-07-09T00:00:00+00:00
2021-10-08,Coimbatore,Pollachi APMC,coconut,Other,FAQ,1600,2850,2350,Rs/quintal,agmarknet,2026-07-09T00:00:00+00:00
2021-10-08,Kannur,Taliparamba Market,coconut,Other,FAQ,3100,3100,3100,Rs/quintal,agmarknet,2026-07-09T00:00:00+00:00
2021-10-09,Malappuram,Manjeri Market,coconut,Other,FAQ,3100,3200,3150,Rs/quintal,agmarknet,2026-07-09T00:00:00+00:00
2021-10-09,Kasargod,Neeleswaram Market,coconut,Other,FAQ,3000,3200,3100,Rs/quintal,agmarknet,2026-07-09T00:00:00+00:00
2021-10-09,Coimbatore,Pollachi APMC,coconut,Other,FAQ,1600,2850,2350,Rs/quintal,agmarknet,2026-07-09T00:00:00+00:00
2021-10-09,Kannur,Taliparamba Market,coconut,Other,FAQ,3100,3300,3200,Rs/quintal,agmarknet,2026-07-09T00:00:00+00:00
2021-10-10,Kasargod,Neeleswaram Market,coconut,Other,FAQ,3000,3200,3100,Rs/quintal,agmarknet,2026-07-09T00:00:00+00:00
2021-10-11,Malappuram,Manjeri Market,coconut,Other,FAQ,3100,3200,3150,Rs/quintal,agmarknet,2026-07-09T00:00:00+00:00
2021-10-11,Kasargod,Neeleswaram Market,coconut,Other,FAQ,3000,3200,3100,Rs/quintal,agmarknet,2026-07-09T00:00:00+00:00
2021-10-11,Coimbatore,Pollachi APMC,coconut,Other,FAQ,1600,2850,2350,Rs/quintal,agmarknet,2026-07-09T00:00:00+00:00
2021-10-11,Kannur,Taliparamba Market,coconut,Other,FAQ,3100,3300,3200,Rs/quintal,agmarknet,2026-07-09T00:00:00+00:00
2021-10-12,Ernakulam,Keerampara VFPCK Market,coconut,Big,FAQ,3600,3600,3600,Rs/quintal,agmarknet,2026-07-09T00:00:00+00:00
2021-10-12,Kasargod,Neeleswaram Market,coconut,Other,FAQ,3000,3400,3200,Rs/quintal,agmarknet,2026-07-09T00:00:00+00:00
2021-10-12,Coimbatore,Pollachi APMC,coconut,Other,FAQ,1600,2850,2350,Rs/quintal,agmarknet,2026-07-09T00:00:00+00:00
2021-10-12,Kannur,Taliparamba Market,coconut,Other,FAQ,3000,3200,3100,Rs/quintal,agmarknet,2026-07-09T00:00:00+00:00
2021-10-13,Ernakulam,Keerampara VFPCK Market,coconut,Coconut,FAQ,3600,3600,3600,Rs/quintal,agmarknet,2026-07-09T00:00:00+00:00
2021-10-13,Malappuram,Manjeri Market,coconut,Other,FAQ,3100,3200,3150,Rs/quintal,agmarknet,2026-07-09T00:00:00+00:00
2021-10-13,Kasargod,Neeleswaram Market,coconut,Other,FAQ,3000,3200,3100,Rs/quintal,agmarknet,2026-07-09T00:00:00+00:00
2021-10-13,Coimbatore,Pollachi APMC,coconut,Other,FAQ,1600,2850,2350,Rs/quintal,agmarknet,2026-07-09T00:00:00+00:00
2021-10-13,Kannur,Taliparamba Market,coconut,Other,FAQ,3000,3200,3100,Rs/quintal,agmarknet,2026-07-09T00:00:00+00:00
2021-10-14,Ernakulam,Keerampara VFPCK Market,coconut,Big,FAQ,3500,3700,3600,Rs/quintal,agmarknet,2026-07-09T00:00:00+00:00
2021-10-14,Malappuram,Manjeri Market,coconut,Other,FAQ,3100,3200,3150,Rs/quintal,agmarknet,2026-07-09T00:00:00+00:00
2021-10-14,Kasargod,Neeleswaram Market,coconut,Other,FAQ,3100,3300,3200,Rs/quintal,agmarknet,2026-07-09T00:00:00+00:00
2021-10-15,Ernakulam,Keerampara VFPCK Market,coconut,Big,FAQ,3600,3600,3600,Rs/quintal,agmarknet,2026-07-09T00:00:00+00:00
2021-10-15,Malappuram,Manjeri Market,coconut,Other,FAQ,3100,3200,3150,Rs/quintal,agmarknet,2026-07-09T00:00:00+00:00
2021-10-15,Kasargod,Neeleswaram Market,coconut,Other,FAQ,3100,3300,3200,Rs/quintal,agmarknet,2026-07-09T00:00:00+00:00
2021-10-15,Kannur,Taliparamba Market,coconut,Other,FAQ,3190,3210,3200,Rs/quintal,agmarknet,2026-07-09T00:00:00+00:00
2021-10-16,Ernakulam,Keerampara VFPCK Market,coconut,Big,FAQ,3600,3600,3600,Rs/quintal,agmarknet,2026-07-09T00:00:00+00:00
2021-10-16,Malappuram,Manjeri Market,coconut,Other,FAQ,3100,3200,3150,Rs/quintal,agmarknet,2026-07-09T00:00:00+00:00
2021-10-16,Kasargod,Neeleswaram Market,coconut,Other,FAQ,3100,3300,3200,Rs/quintal,agmarknet,2026-07-09T00:00:00+00:00
2021-10-16,Kannur,Taliparamba Market,coconut,Other,FAQ,3190,3210,3200,Rs/quintal,agmarknet,2026-07-09T00:00:00+00:00
2021-10-17,Ernakulam,Keerampara VFPCK Market,coconut,Big,FAQ,3800,3800,3800,Rs/quintal,agmarknet,2026-07-09T00:00:00+00:00
2021-10-17,Kasargod,Neeleswaram Market,coconut,Other,FAQ,3000,3200,3100,Rs/quintal,agmarknet,2026-07-09T00:00:00+00:00
2021-10-18,Ernakulam,Keerampara VFPCK Market,coconut,Coconut,FAQ,3600,3600,3600,Rs/quintal,agmarknet,2026-07-09T00:00:00+00:00
2021-10-18,Malappuram,Manjeri Market,coconut,Other,FAQ,3100,3200,3150,Rs/quintal,agmarknet,2026-07-09T00:00:00+00:00
2021-10-18,Coimbatore,Pollachi APMC,coconut,Other,FAQ,1600,2850,2550,Rs/quintal,agmarknet,2026-07-09T00:00:00+00:00
2021-10-18,Kannur,Taliparamba Market,coconut,Other,FAQ,3190,3210,3200,Rs/quintal,agmarknet,2026-07-09T00:00:00+00:00
2021-10-19,Malappuram,Manjeri Market,coconut,Other,FAQ,3100,3200,3150,Rs/quintal,agmarknet,2026-07-09T00:00:00+00:00
2021-10-19,Kasargod,Neeleswaram Market,coconut,Other,FAQ,3000,3300,3200,Rs/quintal,agmarknet,2026-07-09T00:00:00+00:00
2021-10-19,Kannur,Taliparamba Market,coconut,Other,FAQ,3190,3210,3200,Rs/quintal,agmarknet,2026-07-09T00:00:00+00:00
2021-10-20,Malappuram,Manjeri Market,coconut,Other,FAQ,3100,3200,3150,Rs/quintal,agmarknet,2026-07-09T00:00:00+00:00
2021-10-20,Kasargod,Neeleswaram Market,coconut,Other,FAQ,3200,3400,3300,Rs/quintal,agmarknet,2026-07-09T00:00:00+00:00
2021-10-20,Coimbatore,Pollachi APMC,coconut,Other,FAQ,1600,2850,2550,Rs/quintal,agmarknet,2026-07-09T00:00:00+00:00
2021-10-20,Kannur,Taliparamba Market,coconut,Other,FAQ,3100,3300,3200,Rs/quintal,agmarknet,2026-07-09T00:00:00+00:00
2021-10-21,Ernakulam,Keerampara VFPCK Market,coconut,Big,FAQ,3600,3600,3600,Rs/quintal,agmarknet,2026-07-09T00:00:00+00:00
2021-10-21,Uttara Kannada,Kumta APMC,coconut,Grade-I,FAQ,14060,21700,20830,Rs/quintal,agmarknet,2026-07-09T00:00:00+00:00
2021-10-21,Malappuram,Manjeri Market,coconut,Other,FAQ,3100,3200,3150,Rs/quintal,agmarknet,2026-07-09T00:00:00+00:00
2021-10-21,Kasargod,Neeleswaram Market,coconut,Other,FAQ,3200,3400,3300,Rs/quintal,agmarknet,2026-07-09T00:00:00+00:00
2021-10-21,Coimbatore,Pollachi APMC,coconut,Other,FAQ,1600,2850,2550,Rs/quintal,agmarknet,2026-07-09T00:00:00+00:00
2021-10-21,Kannur,Taliparamba Market,coconut,Other,FAQ,3100,3300,3200,Rs/quintal,agmarknet,2026-07-09T00:00:00+00:00
2021-10-22,Ernakulam,Keerampara VFPCK Market,coconut,Big,FAQ,3600,3600,3600,Rs/quintal,agmarknet,2026-07-09T00:00:00+00:00
2021-10-22,Malappuram,Manjeri Market,coconut,Other,FAQ,3100,3200,3150,Rs/quintal,agmarknet,2026-07-09T00:00:00+00:00
2021-10-22,Kasargod,Neeleswaram Market,coconut,Other,FAQ,3100,3300,3200,Rs/quintal,agmarknet,2026-07-09T00:00:00+00:00
2021-10-22,Coimbatore,Pollachi APMC,coconut,Other,FAQ,1600,2850,2550,Rs/quintal,agmarknet,2026-07-09T00:00:00+00:00
2021-10-22,Kannur,Taliparamba Market,coconut,Other,FAQ,3140,3160,3150,Rs/quintal,agmarknet,2026-07-09T00:00:00+00:00
2021-10-23,Ernakulam,Keerampara VFPCK Market,coconut,Big,FAQ,3600,3600,3600,Rs/quintal,agmarknet,2026-07-09T00:00:00+00:00
2021-10-23,Kasargod,Neeleswaram Market,coconut,Other,FAQ,3100,3300,3200,Rs/quintal,agmarknet,2026-07-09T00:00:00+00:00
2021-10-23,Coimbatore,Pollachi APMC,coconut,Other,FAQ,1600,2850,2550,Rs/quintal,agmarknet,2026-07-09T00:00:00+00:00
2021-10-23,Kannur,Taliparamba Market,coconut,Other,FAQ,3100,3300,3200,Rs/quintal,agmarknet,2026-07-09T00:00:00+00:00
2021-10-24,Ernakulam,Keerampara VFPCK Market,coconut,Big,FAQ,3700,3700,3700,Rs/quintal,agmarknet,2026-07-09T00:00:00+00:00
2021-10-24,Kasargod,Neeleswaram Market,coconut,Other,FAQ,3100,3300,3200,Rs/quintal,agmarknet,2026-07-09T00:00:00+00:00
2021-10-25,Ernakulam,Keerampara VFPCK Market,coconut,Big,FAQ,3600,3600,3600,Rs/quintal,agmarknet,2026-07-09T00:00:00+00:00
2021-10-25,Malappuram,Manjeri Market,coconut,Other,FAQ,3100,3200,3150,Rs/quintal,agmarknet,2026-07-09T00:00:00+00:00
2021-10-25,Kasargod,Neeleswaram Market,coconut,Other,FAQ,3100,3300,3200,Rs/quintal,agmarknet,2026-07-09T00:00:00+00:00
2021-10-25,Coimbatore,Pollachi APMC,coconut,Other,FAQ,1600,2850,2550,Rs/quintal,agmarknet,2026-07-09T00:00:00+00:00
2021-10-25,Kannur,Taliparamba Market,coconut,Other,FAQ,3140,3160,3150,Rs/quintal,agmarknet,2026-07-09T00:00:00+00:00
2021-10-26,Ernakulam,Keerampara VFPCK Market,coconut,Big,FAQ,3600,3600,3600,Rs/quintal,agmarknet,2026-07-09T00:00:00+00:00
2021-10-26,Kasargod,Neeleswaram Market,coconut,Other,FAQ,3100,3300,3200,Rs/quintal,agmarknet,2026-07-09T00:00:00+00:00
2021-10-27,Malappuram,Manjeri Market,coconut,Other,FAQ,3100,3200,3150,Rs/quintal,agmarknet,2026-07-09T00:00:00+00:00
2021-10-27,Kasargod,Neeleswaram Market,coconut,Other,FAQ,3100,3300,3200,Rs/quintal,agmarknet,2026-07-09T00:00:00+00:00
2021-10-27,Coimbatore,Pollachi APMC,coconut,Other,FAQ,1600,2850,2550,Rs/quintal,agmarknet,2026-07-09T00:00:00+00:00
2021-10-27,Kannur,Taliparamba Market,coconut,Other,FAQ,3140,3160,3150,Rs/quintal,agmarknet,2026-07-09T00:00:00+00:00
2021-10-28,Ernakulam,Keerampara VFPCK Market,coconut,Big,FAQ,3600,3600,3600,Rs/quintal,agmarknet,2026-07-09T00:00:00+00:00
2021-10-28,Uttara Kannada,Kumta APMC,coconut,Grade-I,FAQ,6660,23000,22500,Rs/quintal,agmarknet,2026-07-09T00:00:00+00:00
2021-10-28,Malappuram,Manjeri Market,coconut,Other,FAQ,3100,3200,3150,Rs/quintal,agmarknet,2026-07-09T00:00:00+00:00
2021-10-28,Kasargod,Neeleswaram Market,coconut,Other,FAQ,3400,3600,3500,Rs/quintal,agmarknet,2026-07-09T00:00:00+00:00
2021-10-28,Coimbatore,Pollachi APMC,coconut,Other,FAQ,1600,2850,2550,Rs/quintal,agmarknet,2026-07-09T00:00:00+00:00
2021-10-28,Kannur,Taliparamba Market,coconut,Other,FAQ,3140,3160,3150,Rs/quintal,agmarknet,2026-07-09T00:00:00+00:00
2021-10-29,Ernakulam,Keerampara VFPCK Market,coconut,Big,FAQ,3700,3700,3700,Rs/quintal,agmarknet,2026-07-09T00:00:00+00:00
2021-10-29,Malappuram,Manjeri Market,coconut,Other,FAQ,3100,3200,3150,Rs/quintal,agmarknet,2026-07-09T00:00:00+00:00
2021-10-29,Kasargod,Neeleswaram Market,coconut,Other,FAQ,3100,3300,3200,Rs/quintal,agmarknet,2026-07-09T00:00:00+00:00
2021-10-29,Coimbatore,Pollachi APMC,coconut,Other,FAQ,1600,2850,2550,Rs/quintal,agmarknet,2026-07-09T00:00:00+00:00
2021-10-29,Kannur,Taliparamba Market,coconut,Other,FAQ,3140,3160,3150,Rs/quintal,agmarknet,2026-07-09T00:00:00+00:00
2021-10-30,Ernakulam,Keerampara VFPCK Market,coconut,Big,FAQ,3700,3700,3700,Rs/quintal,agmarknet,2026-07-09T00:00:00+00:00
2021-10-30,Malappuram,Manjeri Market,coconut,Other,FAQ,3100,3200,3150,Rs/quintal,agmarknet,2026-07-09T00:00:00+00:00
2021-10-30,Kasargod,Neeleswaram Market,coconut,Other,FAQ,3100,3300,3200,Rs/quintal,agmarknet,2026-07-09T00:00:00+00:00
2021-10-30,Kannur,Taliparamba Market,coconut,Other,FAQ,3140,3160,3150,Rs/quintal,agmarknet,2026-07-09T00:00:00+00:00
2021-10-31,Ernakulam,Keerampara VFPCK Market,coconut,Big,FAQ,3700,3700,3700,Rs/quintal,agmarknet,2026-07-09T00:00:00+00:00
2021-10-31,Kasargod,Neeleswaram Market,coconut,Other,FAQ,3000,3200,3100,Rs/quintal,agmarknet,2026-07-09T00:00:00+00:00
2021-11-01,Ernakulam,Keerampara VFPCK Market,coconut,Big,FAQ,3700,3700,3700,Rs/quintal,agmarknet,2026-07-09T00:00:00+00:00
2021-11-01,Kasargod,Neeleswaram Market,coconut,Other,FAQ,3000,3200,3100,Rs/quintal,agmarknet,2026-07-09T00:00:00+00:00
2021-11-01,Coimbatore,Pollachi APMC,coconut,Other,FAQ,1600,2850,2550,Rs/quintal,agmarknet,2026-07-09T00:00:00+00:00
2021-11-02,Ernakulam,Keerampara VFPCK Market,coconut,Coconut,FAQ,3700,3700,3700,Rs/quintal,agmarknet,2026-07-09T00:00:00+00:00
2021-11-02,Malappuram,Manjeri Market,coconut,Other,FAQ,3100,3200,3150,Rs/quintal,agmarknet,2026-07-09T00:00:00+00:00
2021-11-02,Kasargod,Neeleswaram Market,coconut,Other,FAQ,3000,3200,3100,Rs/quintal,agmarknet,2026-07-09T00:00:00+00:00
2021-11-02,Coimbatore,Pollachi APMC,coconut,Other,FAQ,1600,2850,2550,Rs/quintal,agmarknet,2026-07-09T00:00:00+00:00
2021-11-03,Ernakulam,Keerampara VFPCK Market,coconut,Big,FAQ,3700,3700,3700,Rs/quintal,agmarknet,2026-07-09T00:00:00+00:00
2021-11-03,Malappuram,Manjeri Market,coconut,Other,FAQ,3100,3200,3150,Rs/quintal,agmarknet,2026-07-09T00:00:00+00:00
2021-11-03,Kasargod,Neeleswaram Market,coconut,Other,FAQ,3000,3200,3100,Rs/quintal,agmarknet,2026-07-09T00:00:00+00:00
2021-11-03,Coimbatore,Pollachi APMC,coconut,Other,FAQ,1600,2850,2500,Rs/quintal,agmarknet,2026-07-09T00:00:00+00:00
2021-11-03,Kannur,Taliparamba Market,coconut,Other,FAQ,3100,3300,3200,Rs/quintal,agmarknet,2026-07-09T00:00:00+00:00
2021-11-04,Ernakulam,Keerampara VFPCK Market,coconut,Big,FAQ,3700,3700,3700,Rs/quintal,agmarknet,2026-07-09T00:00:00+00:00
2021-11-04,Malappuram,Manjeri Market,coconut,Other,FAQ,3100,3200,3150,Rs/quintal,agmarknet,2026-07-09T00:00:00+00:00
2021-11-04,Kasargod,Neeleswaram Market,coconut,Other,FAQ,3000,3200,3100,Rs/quintal,agmarknet,2026-07-09T00:00:00+00:00
2021-11-04,Kannur,Taliparamba Market,coconut,Other,FAQ,3100,3300,3200,Rs/quintal,agmarknet,2026-07-09T00:00:00+00:00
2021-11-05,Ernakulam,Keerampara VFPCK Market,coconut,Big,FAQ,3800,3800,3800,Rs/quintal,agmarknet,2026-07-09T00:00:00+00:00
2021-11-05,Malappuram,Manjeri Market,coconut,Other,FAQ,3100,3200,3150,Rs/quintal,agmarknet,2026-07-09T00:00:00+00:00
2021-11-05,Kasargod,Neeleswaram Market,coconut,Other,FAQ,3100,3300,3200,Rs/quintal,agmarknet,2026-07-09T00:00:00+00:00
2021-11-06,Ernakulam,Keerampara VFPCK Market,coconut,Big,FAQ,3800,3800,3800,Rs/quintal,agmarknet,2026-07-09T00:00:00+00:00
2021-11-06,Malappuram,Manjeri Market,coconut,Other,FAQ,3100,3200,3150,Rs/quintal,agmarknet,2026-07-09T00:00:00+00:00
2021-11-06,Kasargod,Neeleswaram Market,coconut,Other,FAQ,3100,3300,3200,Rs/quintal,agmarknet,2026-07-09T00:00:00+00:00
2021-11-06,Kannur,Taliparamba Market,coconut,Other,FAQ,3100,3300,3200,Rs/quintal,agmarknet,2026-07-09T00:00:00+00:00
2021-11-07,Ernakulam,Keerampara VFPCK Market,coconut,Big,FAQ,3700,3700,3700,Rs/quintal,agmarknet,2026-07-09T00:00:00+00:00
2021-11-07,Kasargod,Neeleswaram Market,coconut,Other,FAQ,3200,3400,3300,Rs/quintal,agmarknet,2026-07-09T00:00:00+00:00
2021-11-08,Malappuram,Manjeri Market,coconut,Other,FAQ,3100,3200,3150,Rs/quintal,agmarknet,2026-07-09T00:00:00+00:00
2021-11-08,Kasargod,Neeleswaram Market,coconut,Other,FAQ,3000,3200,3100,Rs/quintal,agmarknet,2026-07-09T00:00:00+00:00
2021-11-08,Coimbatore,Pollachi APMC,coconut,Other,FAQ,1600,2850,2550,Rs/quintal,agmarknet,2026-07-09T00:00:00+00:00
2021-11-08,Kannur,Taliparamba Market,coconut,Other,FAQ,3100,3300,3200,Rs/quintal,agmarknet,2026-07-09T00:00:00+00:00
2021-11-09,Ernakulam,Keerampara VFPCK Market,coconut,Big,FAQ,3700,3700,3700,Rs/quintal,agmarknet,2026-07-09T00:00:00+00:00
2021-11-09,Malappuram,Manjeri Market,coconut,Other,FAQ,3100,3200,3150,Rs/quintal,agmarknet,2026-07-09T00:00:00+00:00
2021-11-09,Kasargod,Neeleswaram Market,coconut,Other,FAQ,3100,3300,3200,Rs/quintal,agmarknet,2026-07-09T00:00:00+00:00
2021-11-09,Coimbatore,Pollachi APMC,coconut,Other,FAQ,1600,2850,2550,Rs/quintal,agmarknet,2026-07-09T00:00:00+00:00
2021-11-09,Kannur,Taliparamba Market,coconut,Other,FAQ,3100,3300,3200,Rs/quintal,agmarknet,2026-07-09T00:00:00+00:00
2021-11-10,Ernakulam,Keerampara VFPCK Market,coconut,Big,FAQ,3600,3600,3600,Rs/quintal,agmarknet,2026-07-09T00:00:00+00:00
2021-11-10,Malappuram,Manjeri Market,coconut,Other,FAQ,3100,3200,3150,Rs/quintal,agmarknet,2026-07-09T00:00:00+00:00
2021-11-10,Kasargod,Neeleswaram Market,coconut,Other,FAQ,3100,3300,3200,Rs/quintal,agmarknet,2026-07-09T00:00:00+00:00
2021-11-10,Coimbatore,Pollachi APMC,coconut,Other,FAQ,1600,2850,2550,Rs/quintal,agmarknet,2026-07-09T00:00:00+00:00
2021-11-10,Kannur,Taliparamba Market,coconut,Other,FAQ,3100,3300,3200,Rs/quintal,agmarknet,2026-07-09T00:00:00+00:00
2021-11-11,Ernakulam,Keerampara VFPCK Market,coconut,Big,FAQ,3700,3700,3700,Rs/quintal,agmarknet,2026-07-09T00:00:00+00:00
2021-11-11,Uttara Kannada,Kumta APMC,coconut,Grade-I,FAQ,1500,3430,3325,Rs/quintal,agmarknet,2026-07-09T00:00:00+00:00
2021-11-11,Kasargod,Neeleswaram Market,coconut,Other,FAQ,3100,3300,3200,Rs/quintal,agmarknet,2026-07-09T00:00:00+00:00
2021-11-11,Coimbatore,Pollachi APMC,coconut,Other,FAQ,1600,2850,2550,Rs/quintal,agmarknet,2026-07-09T00:00:00+00:00
2021-11-11,Kannur,Taliparamba Market,coconut,Other,FAQ,3100,3300,3200,Rs/quintal,agmarknet,2026-07-09T00:00:00+00:00
2021-11-12,Ernakulam,Keerampara VFPCK Market,coconut,Big,FAQ,3700,3700,3700,Rs/quintal,agmarknet,2026-07-09T00:00:00+00:00
2021-11-12,Malappuram,Manjeri Market,coconut,Other,FAQ,3100,3200,3150,Rs/quintal,agmarknet,2026-07-09T00:00:00+00:00
2021-11-12,Kasargod,Neeleswaram Market,coconut,Other,FAQ,3100,3300,3200,Rs/quintal,agmarknet,2026-07-09T00:00:00+00:00
2021-11-12,Coimbatore,Pollachi APMC,coconut,Other,FAQ,1600,2850,2550,Rs/quintal,agmarknet,2026-07-09T00:00:00+00:00
2021-11-12,Kannur,Taliparamba Market,coconut,Other,FAQ,3140,3160,3150,Rs/quintal,agmarknet,2026-07-09T00:00:00+00:00
2021-11-13,Ernakulam,Keerampara VFPCK Market,coconut,Big,FAQ,3700,3700,3700,Rs/quintal,agmarknet,2026-07-09T00:00:00+00:00
2021-11-13,Coimbatore,Pollachi APMC,coconut,Other,FAQ,1600,2850,2550,Rs/quintal,agmarknet,2026-07-09T00:00:00+00:00
2021-11-13,Kannur,Taliparamba Market,coconut,Other,FAQ,3140,3160,3150,Rs/quintal,agmarknet,2026-07-09T00:00:00+00:00
2021-11-14,Ernakulam,Keerampara VFPCK Market,coconut,Big,FAQ,3700,3700,3700,Rs/quintal,agmarknet,2026-07-09T00:00:00+00:00
2021-11-14,Kasargod,Neeleswaram Market,coconut,Other,FAQ,3000,3200,3100,Rs/quintal,agmarknet,2026-07-09T00:00:00+00:00
2021-11-15,Ernakulam,Keerampara VFPCK Market,coconut,Big,FAQ,3600,3600,3600,Rs/quintal,agmarknet,2026-07-09T00:00:00+00:00
2021-11-15,Malappuram,Manjeri Market,coconut,Other,FAQ,3100,3200,3150,Rs/quintal,agmarknet,2026-07-09T00:00:00+00:00
2021-11-15,Kasargod,Neeleswaram Market,coconut,Other,FAQ,3100,3300,3200,Rs/quintal,agmarknet,2026-07-09T00:00:00+00:00
2021-11-15,Coimbatore,Pollachi APMC,coconut,Other,FAQ,1600,2850,2550,Rs/quintal,agmarknet,2026-07-09T00:00:00+00:00
2021-11-15,Kannur,Taliparamba Market,coconut,Other,FAQ,3100,3300,3200,Rs/quintal,agmarknet,2026-07-09T00:00:00+00:00
2021-11-16,Ernakulam,Keerampara VFPCK Market,coconut,Big,FAQ,4000,4000,4000,Rs/quintal,agmarknet,2026-07-09T00:00:00+00:00
2021-11-16,Malappuram,Manjeri Market,coconut,Other,FAQ,3100,3200,3150,Rs/quintal,agmarknet,2026-07-09T00:00:00+00:00
2021-11-16,Kasargod,Neeleswaram Market,coconut,Other,FAQ,3100,3300,3200,Rs/quintal,agmarknet,2026-07-09T00:00:00+00:00
2021-11-16,Kannur,Taliparamba Market,coconut,Other,FAQ,3100,3300,3200,Rs/quintal,agmarknet,2026-07-09T00:00:00+00:00
2021-11-17,Ernakulam,Keerampara VFPCK Market,coconut,Big,FAQ,4000,4000,4000,Rs/quintal,agmarknet,2026-07-09T00:00:00+00:00
2021-11-17,Malappuram,Manjeri Market,coconut,Other,FAQ,3100,3200,3150,Rs/quintal,agmarknet,2026-07-09T00:00:00+00:00
2021-11-17,Kasargod,Neeleswaram Market,coconut,Other,FAQ,3100,3300,3200,Rs/quintal,agmarknet,2026-07-09T00:00:00+00:00
2021-11-17,Coimbatore,Pollachi APMC,coconut,Other,FAQ,1600,2850,2550,Rs/quintal,agmarknet,2026-07-09T00:00:00+00:00
2021-11-17,Kannur,Taliparamba Market,coconut,Other,FAQ,3100,3300,3200,Rs/quintal,agmarknet,2026-07-09T00:00:00+00:00
2021-11-18,Ernakulam,Keerampara VFPCK Market,coconut,Big,FAQ,4000,4000,4000,Rs/quintal,agmarknet,2026-07-09T00:00:00+00:00
2021-11-18,Uttara Kannada,Kumta APMC,coconut,Grade-I,FAQ,10000,23066,21600,Rs/quintal,agmarknet,2026-07-09T00:00:00+00:00
2021-11-18,Malappuram,Manjeri Market,coconut,Other,FAQ,3100,3200,3150,Rs/quintal,agmarknet,2026-07-09T00:00:00+00:00
2021-11-18,Kasargod,Neeleswaram Market,coconut,Other,FAQ,2800,3200,3000,Rs/quintal,agmarknet,2026-07-09T00:00:00+00:00
2021-11-18,Coimbatore,Pollachi APMC,coconut,Other,FAQ,1600,2850,2550,Rs/quintal,agmarknet,2026-07-09T00:00:00+00:00
2021-11-18,Kannur,Taliparamba Market,coconut,Other,FAQ,3100,3300,3200,Rs/quintal,agmarknet,2026-07-09T00:00:00+00:00
2021-11-19,Malappuram,Manjeri Market,coconut,Other,FAQ,3100,3200,3150,Rs/quintal,agmarknet,2026-07-09T00:00:00+00:00
2021-11-19,Kasargod,Neeleswaram Market,coconut,Other,FAQ,2800,3200,3000,Rs/quintal,agmarknet,2026-07-09T00:00:00+00:00
2021-11-19,Coimbatore,Pollachi APMC,coconut,Other,FAQ,1600,2850,2550,Rs/quintal,agmarknet,2026-07-09T00:00:00+00:00
2021-11-19,Kannur,Taliparamba Market,coconut,Other,FAQ,3000,3300,3200,Rs/quintal,agmarknet,2026-07-09T00:00:00+00:00
2021-11-20,Malappuram,Manjeri Market,coconut,Other,FAQ,3100,3200,3150,Rs/quintal,agmarknet,2026-07-09T00:00:00+00:00
2021-11-20,Kasargod,Neeleswaram Market,coconut,Other,FAQ,2800,3200,3000,Rs/quintal,agmarknet,2026-07-09T00:00:00+00:00
2021-11-20,Coimbatore,Pollachi APMC,coconut,Other,FAQ,1600,2850,2550,Rs/quintal,agmarknet,2026-07-09T00:00:00+00:00
2021-11-20,Kannur,Taliparamba Market,coconut,Other,FAQ,3100,3300,3200,Rs/quintal,agmarknet,2026-07-09T00:00:00+00:00
2021-11-21,Kasargod,Neeleswaram Market,coconut,Other,FAQ,3000,3400,3200,Rs/quintal,agmarknet,2026-07-09T00:00:00+00:00
2021-11-22,Malappuram,Manjeri Market,coconut,Other,FAQ,3100,3200,3150,Rs/quintal,agmarknet,2026-07-09T00:00:00+00:00
2021-11-22,Kasargod,Neeleswaram Market,coconut,Other,FAQ,2800,3200,3000,Rs/quintal,agmarknet,2026-07-09T00:00:00+00:00
2021-11-22,Coimbatore,Pollachi APMC,coconut,Other,FAQ,1600,2850,2550,Rs/quintal,agmarknet,2026-07-09T00:00:00+00:00
2021-11-22,Kannur,Taliparamba Market,coconut,Other,FAQ,3100,3300,3200,Rs/quintal,agmarknet,2026-07-09T00:00:00+00:00
2021-11-23,Ernakulam,Keerampara VFPCK Market,coconut,Big,FAQ,4000,4000,4000,Rs/quintal,agmarknet,2026-07-09T00:00:00+00:00
2021-11-23,Malappuram,Manjeri Market,coconut,Other,FAQ,3100,3200,3150,Rs/quintal,agmarknet,2026-07-09T00:00:00+00:00
2021-11-23,Kasargod,Neeleswaram Market,coconut,Other,FAQ,3200,3400,3300,Rs/quintal,agmarknet,2026-07-09T00:00:00+00:00
2021-11-23,Coimbatore,Pollachi APMC,coconut,Other,FAQ,1600,2850,2550,Rs/quintal,agmarknet,2026-07-09T00:00:00+00:00
2021-11-23,Kannur,Taliparamba Market,coconut,Other,FAQ,3100,3300,3200,Rs/quintal,agmarknet,2026-07-09T00:00:00+00:00
2021-11-24,Ernakulam,Keerampara VFPCK Market,coconut,Big,FAQ,3800,4000,3900,Rs/quintal,agmarknet,2026-07-09T00:00:00+00:00
2021-11-24,Malappuram,Manjeri Market,coconut,Other,FAQ,3100,3200,3150,Rs/quintal,agmarknet,2026-07-09T00:00:00+00:00
2021-11-24,Kasargod,Neeleswaram Market,coconut,Other,FAQ,3100,3300,3200,Rs/quintal,agmarknet,2026-07-09T00:00:00+00:00
2021-11-24,Coimbatore,Pollachi APMC,coconut,Other,FAQ,1600,2850,2550,Rs/quintal,agmarknet,2026-07-09T00:00:00+00:00
2021-11-24,Kannur,Taliparamba Market,coconut,Other,FAQ,3100,3300,3200,Rs/quintal,agmarknet,2026-07-09T00:00:00+00:00
2021-11-25,Ernakulam,Keerampara VFPCK Market,coconut,Big,FAQ,4000,4000,4000,Rs/quintal,agmarknet,2026-07-09T00:00:00+00:00
2021-11-25,Uttara Kannada,Kumta APMC,coconut,Grade-I,FAQ,10000,23030,21830,Rs/quintal,agmarknet,2026-07-09T00:00:00+00:00
2021-11-25,Malappuram,Manjeri Market,coconut,Other,FAQ,3100,3200,3150,Rs/quintal,agmarknet,2026-07-09T00:00:00+00:00
2021-11-25,Coimbatore,Pollachi APMC,coconut,Other,FAQ,1600,2850,2550,Rs/quintal,agmarknet,2026-07-09T00:00:00+00:00
2021-11-25,Kannur,Taliparamba Market,coconut,Other,FAQ,3100,3300,3200,Rs/quintal,agmarknet,2026-07-09T00:00:00+00:00
2021-11-26,Malappuram,Manjeri Market,coconut,Other,FAQ,3100,3200,3150,Rs/quintal,agmarknet,2026-07-09T00:00:00+00:00
2021-11-26,Kasargod,Neeleswaram Market,coconut,Other,FAQ,3000,3200,3100,Rs/quintal,agmarknet,2026-07-09T00:00:00+00:00
2021-11-26,Coimbatore,Pollachi APMC,coconut,Other,FAQ,1600,2850,2550,Rs/quintal,agmarknet,2026-07-09T00:00:00+00:00
2021-11-26,Kannur,Taliparamba Market,coconut,Other,FAQ,3100,3300,3200,Rs/quintal,agmarknet,2026-07-09T00:00:00+00:00
2021-11-27,Ernakulam,Keerampara VFPCK Market,coconut,Big,FAQ,4000,4000,4000,Rs/quintal,agmarknet,2026-07-09T00:00:00+00:00
2021-11-27,Kasargod,Neeleswaram Market,coconut,Other,FAQ,3000,3200,3100,Rs/quintal,agmarknet,2026-07-09T00:00:00+00:00
2021-11-27,Coimbatore,Pollachi APMC,coconut,Other,FAQ,1600,2850,2550,Rs/quintal,agmarknet,2026-07-09T00:00:00+00:00
2021-11-27,Kannur,Taliparamba Market,coconut,Other,FAQ,3100,3300,3200,Rs/quintal,agmarknet,2026-07-09T00:00:00+00:00
2021-11-28,Ernakulam,Keerampara VFPCK Market,coconut,Big,FAQ,4000,4000,4000,Rs/quintal,agmarknet,2026-07-09T00:00:00+00:00
2021-11-28,Kasargod,Neeleswaram Market,coconut,Other,FAQ,3000,3200,3100,Rs/quintal,agmarknet,2026-07-09T00:00:00+00:00
2021-11-29,Ernakulam,Keerampara VFPCK Market,coconut,Big,FAQ,3800,3800,3800,Rs/quintal,agmarknet,2026-07-09T00:00:00+00:00
2021-11-29,Malappuram,Manjeri Market,coconut,Other,FAQ,3100,3200,3150,Rs/quintal,agmarknet,2026-07-09T00:00:00+00:00
2021-11-29,Kasargod,Neeleswaram Market,coconut,Other,FAQ,3000,3200,3100,Rs/quintal,agmarknet,2026-07-09T00:00:00+00:00
2021-11-29,Coimbatore,Pollachi APMC,coconut,Other,FAQ,1600,2850,2550,Rs/quintal,agmarknet,2026-07-09T00:00:00+00:00
2021-11-29,Kannur,Taliparamba Market,coconut,Other,FAQ,3100,3300,3200,Rs/quintal,agmarknet,2026-07-09T00:00:00+00:00
2021-11-30,Ernakulam,Keerampara VFPCK Market,coconut,Big,FAQ,3800,4000,3900,Rs/quintal,agmarknet,2026-07-09T00:00:00+00:00
2021-11-30,Malappuram,Manjeri Market,coconut,Other,FAQ,3100,3200,3150,Rs/quintal,agmarknet,2026-07-09T00:00:00+00:00
2021-11-30,Kasargod,Neeleswaram Market,coconut,Other,FAQ,3100,3300,3200,Rs/quintal,agmarknet,2026-07-09T00:00:00+00:00
2021-11-30,Coimbatore,Pollachi APMC,coconut,Other,FAQ,1600,2850,2550,Rs/quintal,agmarknet,2026-07-09T00:00:00+00:00
2021-11-30,Kannur,Taliparamba Market,coconut,Other,FAQ,3100,3300,3200,Rs/quintal,agmarknet,2026-07-09T00:00:00+00:00
2021-12-01,Ernakulam,Keerampara VFPCK Market,coconut,Big,FAQ,3800,4000,3900,Rs/quintal,agmarknet,2026-07-09T00:00:00+00:00
2021-12-01,Kasargod,Neeleswaram Market,coconut,Other,FAQ,6400,6800,6600,Rs/quintal,agmarknet,2026-07-09T00:00:00+00:00
2021-12-01,Coimbatore,Pollachi APMC,coconut,Other,FAQ,1600,2850,2550,Rs/quintal,agmarknet,2026-07-09T00:00:00+00:00
2021-12-02,Uttara Kannada,Kumta APMC,coconut,Grade-I,FAQ,10000,22200,21530,Rs/quintal,agmarknet,2026-07-09T00:00:00+00:00
2021-12-02,Malappuram,Manjeri Market,coconut,Other,FAQ,3100,3200,3150,Rs/quintal,agmarknet,2026-07-09T00:00:00+00:00
2021-12-02,Kasargod,Neeleswaram Market,coconut,Other,FAQ,6400,6600,6500,Rs/quintal,agmarknet,2026-07-09T00:00:00+00:00
2021-12-02,Coimbatore,Pollachi APMC,coconut,Other,FAQ,1600,2850,2550,Rs/quintal,agmarknet,2026-07-09T00:00:00+00:00
2021-12-02,Kannur,Taliparamba Market,coconut,Other,FAQ,3100,3300,3200,Rs/quintal,agmarknet,2026-07-09T00:00:00+00:00
2021-12-03,Ernakulam,Keerampara VFPCK Market,coconut,Big,FAQ,4000,4000,4000,Rs/quintal,agmarknet,2026-07-09T00:00:00+00:00
2021-12-03,Malappuram,Manjeri Market,coconut,Other,FAQ,3100,3200,3150,Rs/quintal,agmarknet,2026-07-09T00:00:00+00:00
2021-12-03,Kasargod,Neeleswaram Market,coconut,Other,FAQ,3100,3300,3200,Rs/quintal,agmarknet,2026-07-09T00:00:00+00:00
2021-12-03,Coimbatore,Pollachi APMC,coconut,Other,FAQ,1600,2850,2550,Rs/quintal,agmarknet,2026-07-09T00:00:00+00:00
2021-12-03,Kannur,Taliparamba Market,coconut,Other,FAQ,3100,3300,3200,Rs/quintal,agmarknet,2026-07-09T00:00:00+00:00
2021-12-04,Malappuram,Manjeri Market,coconut,Other,FAQ,3100,3200,3150,Rs/quintal,agmarknet,2026-07-09T00:00:00+00:00
2021-12-04,Kasargod,Neeleswaram Market,coconut,Other,FAQ,3100,3300,3200,Rs/quintal,agmarknet,2026-07-09T00:00:00+00:00
2021-12-04,Coimbatore,Pollachi APMC,coconut,Other,FAQ,1600,2850,2550,Rs/quintal,agmarknet,2026-07-09T00:00:00+00:00
2021-12-04,Kannur,Taliparamba Market,coconut,Other,FAQ,3100,3300,3200,Rs/quintal,agmarknet,2026-07-09T00:00:00+00:00
2021-12-05,Ernakulam,Keerampara VFPCK Market,coconut,Big,FAQ,3800,3800,3800,Rs/quintal,agmarknet,2026-07-09T00:00:00+00:00
2021-12-05,Kasargod,Neeleswaram Market,coconut,Other,FAQ,3300,3600,3400,Rs/quintal,agmarknet,2026-07-09T00:00:00+00:00
2021-12-06,Ernakulam,Keerampara VFPCK Market,coconut,Big,FAQ,3800,3800,3800,Rs/quintal,agmarknet,2026-07-09T00:00:00+00:00
2021-12-06,Malappuram,Manjeri Market,coconut,Other,FAQ,3100,3200,3150,Rs/quintal,agmarknet,2026-07-09T00:00:00+00:00
2021-12-06,Kasargod,Neeleswaram Market,coconut,Other,FAQ,3100,3300,3200,Rs/quintal,agmarknet,2026-07-09T00:00:00+00:00
2021-12-06,Coimbatore,Pollachi APMC,coconut,Other,FAQ,1600,2850,2550,Rs/quintal,agmarknet,2026-07-09T00:00:00+00:00
2021-12-06,Kannur,Taliparamba Market,coconut,Other,FAQ,3100,3300,3200,Rs/quintal,agmarknet,2026-07-09T00:00:00+00:00
2021-12-07,Ernakulam,Keerampara VFPCK Market,coconut,Big,FAQ,3800,3800,3800,Rs/quintal,agmarknet,2026-07-09T00:00:00+00:00
2021-12-07,Malappuram,Manjeri Market,coconut,Other,FAQ,3100,3200,3150,Rs/quintal,agmarknet,2026-07-09T00:00:00+00:00
2021-12-07,Kasargod,Neeleswaram Market,coconut,Other,FAQ,3100,3300,3200,Rs/quintal,agmarknet,2026-07-09T00:00:00+00:00
2021-12-07,Coimbatore,Pollachi APMC,coconut,Other,FAQ,1600,2850,2550,Rs/quintal,agmarknet,2026-07-09T00:00:00+00:00
2021-12-07,Kannur,Taliparamba Market,coconut,Other,FAQ,3100,3200,3150,Rs/quintal,agmarknet,2026-07-09T00:00:00+00:00
2021-12-08,Malappuram,Manjeri Market,coconut,Other,FAQ,3100,3200,3150,Rs/quintal,agmarknet,2026-07-09T00:00:00+00:00
2021-12-08,Kasargod,Neeleswaram Market,coconut,Other,FAQ,3100,3300,3200,Rs/quintal,agmarknet,2026-07-09T00:00:00+00:00
2021-12-08,Coimbatore,Pollachi APMC,coconut,Other,FAQ,1600,2900,2450,Rs/quintal,agmarknet,2026-07-09T00:00:00+00:00
2021-12-08,Kannur,Taliparamba Market,coconut,Other,FAQ,3100,3200,3150,Rs/quintal,agmarknet,2026-07-09T00:00:00+00:00
2021-12-09,Ernakulam,Keerampara VFPCK Market,coconut,Big,FAQ,3600,3600,3600,Rs/quintal,agmarknet,2026-07-09T00:00:00+00:00
2021-12-09,Uttara Kannada,Kumta APMC,coconut,Grade-I,FAQ,10000,21033,18475,Rs/quintal,agmarknet,2026-07-09T00:00:00+00:00
2021-12-09,Malappuram,Manjeri Market,coconut,Other,FAQ,3100,3200,3150,Rs/quintal,agmarknet,2026-07-09T00:00:00+00:00
2021-12-09,Kasargod,Neeleswaram Market,coconut,Other,FAQ,3100,3500,3400,Rs/quintal,agmarknet,2026-07-09T00:00:00+00:00
2021-12-09,Coimbatore,Pollachi APMC,coconut,Other,FAQ,1600,2900,2450,Rs/quintal,agmarknet,2026-07-09T00:00:00+00:00
2021-12-09,Kannur,Taliparamba Market,coconut,Other,FAQ,3000,3200,3150,Rs/quintal,agmarknet,2026-07-09T00:00:00+00:00
2021-12-10,Ernakulam,Keerampara VFPCK Market,coconut,Big,FAQ,3800,3800,3800,Rs/quintal,agmarknet,2026-07-09T00:00:00+00:00
2021-12-10,Malappuram,Manjeri Market,coconut,Other,FAQ,3100,3200,3150,Rs/quintal,agmarknet,2026-07-09T00:00:00+00:00
2021-12-10,Coimbatore,Pollachi APMC,coconut,Other,FAQ,1600,2900,2450,Rs/quintal,agmarknet,2026-07-09T00:00:00+00:00
2021-12-10,Kannur,Taliparamba Market,coconut,Other,FAQ,3000,3200,3100,Rs/quintal,agmarknet,2026-07-09T00:00:00+00:00
2021-12-11,Ernakulam,Keerampara VFPCK Market,coconut,Big,FAQ,3700,3700,3700,Rs/quintal,agmarknet,2026-07-09T00:00:00+00:00
2021-12-11,Coimbatore,Pollachi APMC,coconut,Other,FAQ,1600,2900,2450,Rs/quintal,agmarknet,2026-07-09T00:00:00+00:00
2021-12-11,Kannur,Taliparamba Market,coconut,Other,FAQ,3040,3060,3050,Rs/quintal,agmarknet,2026-07-09T00:00:00+00:00
2021-12-12,Ernakulam,Keerampara VFPCK Market,coconut,Big,FAQ,3600,3600,3600,Rs/quintal,agmarknet,2026-07-09T00:00:00+00:00
2021-12-13,Ernakulam,Keerampara VFPCK Market,coconut,Big,FAQ,3600,3600,3600,Rs/quintal,agmarknet,2026-07-09T00:00:00+00:00
2021-12-13,Malappuram,Manjeri Market,coconut,Other,FAQ,3100,3200,3150,Rs/quintal,agmarknet,2026-07-09T00:00:00+00:00
2021-12-13,Kasargod,Neeleswaram Market,coconut,Other,FAQ,3100,3300,3200,Rs/quintal,agmarknet,2026-07-09T00:00:00+00:00
2021-12-13,Coimbatore,Pollachi APMC,coconut,Other,FAQ,1600,2900,2450,Rs/quintal,agmarknet,2026-07-09T00:00:00+00:00
2021-12-13,Kannur,Taliparamba Market,coconut,Other,FAQ,3000,3500,3050,Rs/quintal,agmarknet,2026-07-09T00:00:00+00:00
2021-12-14,Ernakulam,Keerampara VFPCK Market,coconut,Big,FAQ,3600,3600,3600,Rs/quintal,agmarknet,2026-07-09T00:00:00+00:00
2021-12-14,Malappuram,Manjeri Market,coconut,Other,FAQ,3100,3200,3150,Rs/quintal,agmarknet,2026-07-09T00:00:00+00:00
2021-12-14,Kasargod,Neeleswaram Market,coconut,Other,FAQ,3100,3300,3200,Rs/quintal,agmarknet,2026-07-09T00:00:00+00:00
2021-12-14,Coimbatore,Pollachi APMC,coconut,Other,FAQ,1600,2900,2450,Rs/quintal,agmarknet,2026-07-09T00:00:00+00:00
2021-12-14,Kannur,Taliparamba Market,coconut,Other,FAQ,3000,3100,3050,Rs/quintal,agmarknet,2026-07-09T00:00:00+00:00
2021-12-15,Ernakulam,Keerampara VFPCK Market,coconut,Big,FAQ,3600,3600,3600,Rs/quintal,agmarknet,2026-07-09T00:00:00+00:00
2021-12-15,Malappuram,Manjeri Market,coconut,Other,FAQ,3100,3200,3150,Rs/quintal,agmarknet,2026-07-09T00:00:00+00:00
2021-12-15,Kasargod,Neeleswaram Market,coconut,Other,FAQ,3100,3300,3200,Rs/quintal,agmarknet,2026-07-09T00:00:00+00:00
2021-12-15,Coimbatore,Pollachi APMC,coconut,Other,FAQ,1600,2900,2450,Rs/quintal,agmarknet,2026-07-09T00:00:00+00:00
2021-12-15,Kannur,Taliparamba Market,coconut,Other,FAQ,3000,3100,3050,Rs/quintal,agmarknet,2026-07-09T00:00:00+00:00
2021-12-16,Ernakulam,Keerampara VFPCK Market,coconut,Big,FAQ,3800,3800,3800,Rs/quintal,agmarknet,2026-07-09T00:00:00+00:00
2021-12-16,Uttara Kannada,Kumta APMC,coconut,Grade-I,FAQ,20766,20860,20830,Rs/quintal,agmarknet,2026-07-09T00:00:00+00:00
2021-12-16,Malappuram,Manjeri Market,coconut,Other,FAQ,3100,3200,3150,Rs/quintal,agmarknet,2026-07-09T00:00:00+00:00
2021-12-16,Kasargod,Neeleswaram Market,coconut,Other,FAQ,3100,3300,3200,Rs/quintal,agmarknet,2026-07-09T00:00:00+00:00
2021-12-16,Coimbatore,Pollachi APMC,coconut,Other,FAQ,1600,2900,2450,Rs/quintal,agmarknet,2026-07-09T00:00:00+00:00
2021-12-16,Kannur,Taliparamba Market,coconut,Other,FAQ,3000,3100,3050,Rs/quintal,agmarknet,2026-07-09T00:00:00+00:00
2021-12-17,Ernakulam,Keerampara VFPCK Market,coconut,Big,FAQ,3800,3800,3800,Rs/quintal,agmarknet,2026-07-09T00:00:00+00:00
2021-12-17,Malappuram,Manjeri Market,coconut,Other,FAQ,3100,3200,3150,Rs/quintal,agmarknet,2026-07-09T00:00:00+00:00
2021-12-17,Coimbatore,Pollachi APMC,coconut,Other,FAQ,1600,2900,2450,Rs/quintal,agmarknet,2026-07-09T00:00:00+00:00
2021-12-17,Kannur,Taliparamba Market,coconut,Other,FAQ,3000,3100,3050,Rs/quintal,agmarknet,2026-07-09T00:00:00+00:00
2021-12-18,Malappuram,Manjeri Market,coconut,Other,FAQ,3100,3200,3150,Rs/quintal,agmarknet,2026-07-09T00:00:00+00:00
2021-12-18,Kasargod,Neeleswaram Market,coconut,Other,FAQ,3100,3300,3200,Rs/quintal,agmarknet,2026-07-09T00:00:00+00:00
2021-12-18,Coimbatore,Pollachi APMC,coconut,Other,FAQ,1600,2900,2450,Rs/quintal,agmarknet,2026-07-09T00:00:00+00:00
2021-12-18,Kannur,Taliparamba Market,coconut,Other,FAQ,3000,3100,3050,Rs/quintal,agmarknet,2026-07-09T00:00:00+00:00
2021-12-19,Ernakulam,Keerampara VFPCK Market,coconut,Big,FAQ,4000,4000,4000,Rs/quintal,agmarknet,2026-07-09T00:00:00+00:00
2021-12-19,Kasargod,Neeleswaram Market,coconut,Other,FAQ,3100,3300,3200,Rs/quintal,agmarknet,2026-07-09T00:00:00+00:00
2021-12-20,Ernakulam,Keerampara VFPCK Market,coconut,Big,FAQ,4000,4000,4000,Rs/quintal,agmarknet,2026-07-09T00:00:00+00:00
2021-12-20,Malappuram,Manjeri Market,coconut,Other,FAQ,3100,3200,3150,Rs/quintal,agmarknet,2026-07-09T00:00:00+00:00
2021-12-20,Kasargod,Neeleswaram Market,coconut,Other,FAQ,3100,3300,3200,Rs/quintal,agmarknet,2026-07-09T00:00:00+00:00
2021-12-20,Coimbatore,Pollachi APMC,coconut,Other,FAQ,1600,2900,2450,Rs/quintal,agmarknet,2026-07-09T00:00:00+00:00
2021-12-20,Kannur,Taliparamba Market,coconut,Other,FAQ,2500,3500,3000,Rs/quintal,agmarknet,2026-07-09T00:00:00+00:00
2021-12-21,Ernakulam,Keerampara VFPCK Market,coconut,Big,FAQ,4000,4000,4000,Rs/quintal,agmarknet,2026-07-09T00:00:00+00:00
2021-12-21,Malappuram,Manjeri Market,coconut,Other,FAQ,3100,3200,3150,Rs/quintal,agmarknet,2026-07-09T00:00:00+00:00
2021-12-21,Kasargod,Neeleswaram Market,coconut,Other,FAQ,3100,3300,3200,Rs/quintal,agmarknet,2026-07-09T00:00:00+00:00
2021-12-21,Coimbatore,Pollachi APMC,coconut,Other,FAQ,1600,2900,2450,Rs/quintal,agmarknet,2026-07-09T00:00:00+00:00
2021-12-21,Kannur,Taliparamba Market,coconut,Other,FAQ,2500,3500,3000,Rs/quintal,agmarknet,2026-07-09T00:00:00+00:00
2021-12-22,Ernakulam,Keerampara VFPCK Market,coconut,Big,FAQ,4000,4000,4000,Rs/quintal,agmarknet,2026-07-09T00:00:00+00:00
2021-12-22,Malappuram,Manjeri Market,coconut,Other,FAQ,3100,3200,3150,Rs/quintal,agmarknet,2026-07-09T00:00:00+00:00
2021-12-22,Kasargod,Neeleswaram Market,coconut,Other,FAQ,3100,3300,3200,Rs/quintal,agmarknet,2026-07-09T00:00:00+00:00
2021-12-22,Coimbatore,Pollachi APMC,coconut,Other,FAQ,1600,2900,2450,Rs/quintal,agmarknet,2026-07-09T00:00:00+00:00
2021-12-22,Kannur,Taliparamba Market,coconut,Other,FAQ,2500,3500,3000,Rs/quintal,agmarknet,2026-07-09T00:00:00+00:00
2021-12-23,Ernakulam,Keerampara VFPCK Market,coconut,Big,FAQ,4000,4000,4000,Rs/quintal,agmarknet,2026-07-09T00:00:00+00:00
2021-12-23,Uttara Kannada,Kumta APMC,coconut,Grade-I,FAQ,20760,21330,21230,Rs/quintal,agmarknet,2026-07-09T00:00:00+00:00
2021-12-23,Malappuram,Manjeri Market,coconut,Other,FAQ,3100,3200,3150,Rs/quintal,agmarknet,2026-07-09T00:00:00+00:00
2021-12-23,Kasargod,Neeleswaram Market,coconut,Other,FAQ,3100,3300,3200,Rs/quintal,agmarknet,2026-07-09T00:00:00+00:00
2021-12-23,Coimbatore,Pollachi APMC,coconut,Other,FAQ,1600,2900,2450,Rs/quintal,agmarknet,2026-07-09T00:00:00+00:00
2021-12-23,Kannur,Taliparamba Market,coconut,Other,FAQ,2800,3000,2900,Rs/quintal,agmarknet,2026-07-09T00:00:00+00:00
2021-12-24,Ernakulam,Keerampara VFPCK Market,coconut,Big,FAQ,4000,4000,4000,Rs/quintal,agmarknet,2026-07-09T00:00:00+00:00
2021-12-24,Malappuram,Manjeri Market,coconut,Other,FAQ,3100,3200,3150,Rs/quintal,agmarknet,2026-07-09T00:00:00+00:00
2021-12-24,Kasargod,Neeleswaram Market,coconut,Other,FAQ,3000,3200,3100,Rs/quintal,agmarknet,2026-07-09T00:00:00+00:00
2021-12-24,Coimbatore,Pollachi APMC,coconut,Other,FAQ,1600,2900,2450,Rs/quintal,agmarknet,2026-07-09T00:00:00+00:00
2021-12-24,Kannur,Taliparamba Market,coconut,Other,FAQ,2800,3000,2900,Rs/quintal,agmarknet,2026-07-09T00:00:00+00:00
2021-12-25,Kannur,Taliparamba Market,coconut,Other,FAQ,2800,3000,2900,Rs/quintal,agmarknet,2026-07-09T00:00:00+00:00
2021-12-26,Ernakulam,Keerampara VFPCK Market,coconut,Big,FAQ,4000,4000,4000,Rs/quintal,agmarknet,2026-07-09T00:00:00+00:00
2021-12-26,Kasargod,Neeleswaram Market,coconut,Other,FAQ,3400,3600,3500,Rs/quintal,agmarknet,2026-07-09T00:00:00+00:00
2021-12-27,Ernakulam,Keerampara VFPCK Market,coconut,Big,FAQ,4000,4000,4000,Rs/quintal,agmarknet,2026-07-09T00:00:00+00:00
2021-12-27,Malappuram,Manjeri Market,coconut,Other,FAQ,3100,3200,3150,Rs/quintal,agmarknet,2026-07-09T00:00:00+00:00
2021-12-27,Kasargod,Neeleswaram Market,coconut,Other,FAQ,3000,3200,3100,Rs/quintal,agmarknet,2026-07-09T00:00:00+00:00
2021-12-27,Coimbatore,Pollachi APMC,coconut,Other,FAQ,1600,2900,2450,Rs/quintal,agmarknet,2026-07-09T00:00:00+00:00
2021-12-27,Kannur,Taliparamba Market,coconut,Other,FAQ,2800,3000,2900,Rs/quintal,agmarknet,2026-07-09T00:00:00+00:00
2021-12-28,Ernakulam,Keerampara VFPCK Market,coconut,Big,FAQ,4000,4000,4000,Rs/quintal,agmarknet,2026-07-09T00:00:00+00:00
2021-12-28,Malappuram,Manjeri Market,coconut,Other,FAQ,3100,3200,3150,Rs/quintal,agmarknet,2026-07-09T00:00:00+00:00
2021-12-28,Coimbatore,Pollachi APMC,coconut,Other,FAQ,1600,2900,2450,Rs/quintal,agmarknet,2026-07-09T00:00:00+00:00
2021-12-28,Kannur,Taliparamba Market,coconut,Other,FAQ,2750,2950,2850,Rs/quintal,agmarknet,2026-07-09T00:00:00+00:00
2021-12-29,Ernakulam,Keerampara VFPCK Market,coconut,Big,FAQ,4000,4000,4000,Rs/quintal,agmarknet,2026-07-09T00:00:00+00:00
2021-12-29,Malappuram,Manjeri Market,coconut,Other,FAQ,3100,3200,3150,Rs/quintal,agmarknet,2026-07-09T00:00:00+00:00
2021-12-29,Coimbatore,Pollachi APMC,coconut,Other,FAQ,1600,2900,2450,Rs/quintal,agmarknet,2026-07-09T00:00:00+00:00
2021-12-29,Kannur,Taliparamba Market,coconut,Other,FAQ,2750,2950,2850,Rs/quintal,agmarknet,2026-07-09T00:00:00+00:00
2021-12-30,Uttara Kannada,Kumta APMC,coconut,Grade-I,FAQ,19800,21130,20560,Rs/quintal,agmarknet,2026-07-09T00:00:00+00:00
2021-12-30,Malappuram,Manjeri Market,coconut,Other,FAQ,2800,2900,2850,Rs/quintal,agmarknet,2026-07-09T00:00:00+00:00
2021-12-30,Coimbatore,Pollachi APMC,coconut,Other,FAQ,1600,2900,2450,Rs/quintal,agmarknet,2026-07-09T00:00:00+00:00
2021-12-30,Kannur,Taliparamba Market,coconut,Other,FAQ,2700,2900,2800,Rs/quintal,agmarknet,2026-07-09T00:00:00+00:00
2021-12-31,Ernakulam,Keerampara VFPCK Market,coconut,Big,FAQ,4000,4000,4000,Rs/quintal,agmarknet,2026-07-09T00:00:00+00:00
2021-12-31,Kasargod,Neeleswaram Market,coconut,Other,FAQ,2800,3000,2900,Rs/quintal,agmarknet,2026-07-09T00:00:00+00:00
2021-12-31,Coimbatore,Pollachi APMC,coconut,Other,FAQ,1600,2900,2450,Rs/quintal,agmarknet,2026-07-09T00:00:00+00:00
2021-12-31,Kannur,Taliparamba Market,coconut,Other,FAQ,2700,2900,2800,Rs/quintal,agmarknet,2026-07-09T00:00:00+00:00
